ID,basionymID,scientificName,authorship,rank,uninomial,genus,specificEpithet,infraspecificEpithet,referenceID,publishedInPage,publishedInYear,code,status,remarks,link
1,1,Animalia,"Linnaeus, 1758",kingdom,Animalia,,,,41,9,1758,ICZN,established,,https://www.biodiversitylibrary.org/page/726898
2,2,Arthropoda,"von Siebold, 1848",phylum,Arthropoda,,,,106,4,1848,ICZN,established,,https://www.biodiversitylibrary.org/page/11149394
3,3,Insecta,"Linnaeus, 1758",class,Insecta,,,,41,339,1758,ICZN,established,,https://www.biodiversitylibrary.org/page/727250
4,4,Lepidoptera,"Linnaeus, 1758",order,Lepidoptera,,,,41,343,1758,ICZN,established,,https://www.biodiversitylibrary.org/page/727254
5,5,Alucitoidea,"Minet, 1986",superfamily,Alucitoidea,,,,72,,1986,ICZN,established,,
6,6,Alucitidae,"Leach, 1815",family,Alucitidae,,,,39,135,1815,ICZN,established,,
7,7,Tineodidae,"Meyrick, 1885",family,Tineodidae,,,,45,421,1885,ICZN,established,,https://www.biodiversitylibrary.org/page/13718223
8,8,Oxychirotidae,"Meyrick, 1885",family,Oxychirotidae,,,,45,437,1885,ICZN,established,,https://www.biodiversitylibrary.org/page/13718239
9,9,Alinguata,"Fleming, 1948",genus,Alinguata,,,,15,39,1948,ICZN,established,,
10,10,Alinguata neblina,"Fleming, 1948",species,,Alinguata,neblina,,15,40,1948,ICZN,established,,
11,11,Alucita,"Linnaeus, 1758",genus,Alucita,,,,40,542,1758,ICZN,established,,
12,12,Alucitina,"Heydenreich, 1851",genus,Alucitina,,,,29,94,1851,ICZN,established,,
13,13,Euchiradia,"Hübner, 1825",genus,Euchiradia,,,,31,431,1825,ICZN,established,,
14,14,Orneodes,"Latreille, 1796",genus,Orneodes,,,,38,148,1796,ICZN,established,,
15,15,Orneodus,"Latreille, 1796",genus,Orneodus,,,,,,,ICZN,established,Misspelling,
16,16,Alucita aarviki,"Ustjuzhanin & Kovtunovich, 2016",species,,Alucita,aarviki,,95,,2016,ICZN,established,,
17,17,Alucita abenahoensis,"Gielis, 2009",species,,Alucita,abenahoensis,,21,16,2009,ICZN,established,,
18,19,Alucita acalles,"(Walsingham, 1915)",species,,Alucita,acalles,,116,450,1915,ICZN,established,,
19,19,Orneodes acalles,"Walsingham, 1915",species,,Orneodes,acalles,,116,450,1915,ICZN,established,,
20,21,Alucita acalyptra,"(Meyrick, 1913)",species,,Alucita,acalyptra,,56,269,1913,ICZN,established,,
21,21,Orneodes acalyptra,"Meyrick, 1913",species,,Orneodes,acalyptra,,56,269,1913,ICZN,established,,
22,23,Alucita acascaea,"(Turner, 1913)",species,,Alucita,acascaea,,87,161,1913,ICZN,established,,
23,23,Orneodes acascaea,"Turner, 1913",species,,Orneodes,acascaea,,87,161,1913,ICZN,established,,
24,24,Alucita acutata,"Scholz & Jäckh, 1994",species,,Alucita,acutata,,79,40,1994,ICZN,established,,
25,25,Alucita adriendenisi,"Landry & Landry, 2004",species,,Alucita,adriendenisi,,37,561-568,2004,ICZN,established,,
26,26,Alucita adzharica,"Zagulajev, 1994",species,,Alucita,adzharica,,122,114,1994,ICZN,established,,
27,28,Alucita agapeta,"(Turner, 1913)",species,,Alucita,agapeta,,87,161,1913,ICZN,established,,
28,28,Orneodes agapeta,"Turner, 1913",species,,Orneodes,agapeta,,87,161,1913,ICZN,established,,
29,29,Alucita agassizi,"Ustjuzhanin & Kovtunovich, 2018",species,,Alucita,agassizi,,99,,2018,ICZN,established,,
30,31,Alucita amalopis,"(Meyrick, 1927)",species,,Alucita,amalopis,,64,96,1927,ICZN,established,,
31,31,Orneodes amalopis,"Meyrick, 1927",species,,Orneodes,amalopis,,64,96,1927,ICZN,established,,
32,33,Alucita ancalopa,"(Meyrick, 1921)",species,,Alucita,ancalopa,,61,409,1921,ICZN,established,,
33,33,Orneodes ancalopa,"Meyrick, 1921",species,,Orneodes,ancalopa,,61,409,1921,ICZN,established,,
34,35,Alucita anemolia,"(Meyrick, 1929)",species,,Alucita,anemolia,,65,533,1929,ICZN,established,,
35,35,Orneodes anemolia,"Meyrick, 1929",species,,Orneodes,anemolia,,65,533,1929,ICZN,established,,
36,37,Alucita anticoma,"(Meyrick, 1929)",species,,Alucita,anticoma,,65,536,1929,ICZN,established,,
37,37,Orneodes anticoma,"Meyrick, 1929",species,,Orneodes,anticoma,,65,536,1929,ICZN,established,,
38,38,Alucita aramsolkiensis,"Gielis, 2009",species,,Alucita,aramsolkiensis,,21,17,2009,ICZN,established,,
39,40,Alucita argyrospodia,"(Diakonoff, 1954)",species,,Alucita,argyrospodia,,13,184,1954,ICZN,established,,
40,40,Orneodes argyrospodia,"Diakonoff, 1954",species,,Orneodes,argyrospodia,,13,184,1954,ICZN,established,,
41,42,Alucita arriguttii,"(Pastrana, 1960)",species,,Alucita,arriguttii,,77,89,1960,ICZN,established,,
42,42,Orneodes arriguttii,"Pastrana, 1960",species,,Orneodes,arriguttii,,77,89,1960,ICZN,established,,
43,43,Alucita arrigutti,"(Pastrana, 1960)",species,,Alucita,arrigutti,,,,,ICZN,established,Misspelling,
44,45,Alucita atomoclasta,"(Meyrick, 1934)",species,,Alucita,atomoclasta,,69,401,1934,ICZN,established,,
45,45,Orneodes atomoclasta,"Meyrick, 1934",species,,Orneodes,atomoclasta,,69,401,1934,ICZN,established,,
46,47,Alucita baihua,"(Yang, 1977)",species,,Alucita,baihua,,118,259,1977,ICZN,established,,
47,47,Orneodes baihua,"Yang, 1977",species,,Orneodes,baihua,,118,259,1977,ICZN,established,,
48,48,Alucita bakingili,"Ustjuzhanin & Kovtunovich, 2020",species,,Alucita,bakingili,,101,108-110,2020,ICZN,established,,
49,49,Alucita bakweri,"Ustjuzhanin & Kovtunovich, 2020",species,,Alucita,bakweri,,101,106-107,2020,ICZN,established,,
50,51,Alucita baliochlora,"(Meyrick, 1929)",species,,Alucita,baliochlora,,65,535,1929,ICZN,established,,
51,51,Orneodes baliochlora,"Meyrick, 1929",species,,Orneodes,baliochlora,,65,535,1929,ICZN,established,,
52,53,Alucita balioxantha,"(Meyrick, 1921)",species,,Alucita,balioxantha,,61,406,1921,ICZN,established,,
53,53,Orneodes balioxantha,"Meyrick, 1921",species,,Orneodes,balioxantha,,61,406,1921,ICZN,established,,
54,55,Alucita beinongdai,"(Yang, 1977)",species,,Alucita,beinongdai,,118,260,1977,ICZN,established,,
55,55,Orneodes beinongdai,"Yang, 1977",species,,Orneodes,beinongdai,,118,260,1977,ICZN,established,,
56,56,Alucita besongi,"Ustjuzhanin & Kovtunovich, 2018",species,,Alucita,besongi,,98,134,2018,ICZN,established,,
57,57,Alucita bidentata,"Scholz & Jäckh, 1994",species,,Alucita,bidentata,,79,17,1994,ICZN,established,,
58,58,Alucita bokwango,"Ustjuzhanin & Kovtunovich, 2020",species,,Alucita,bokwango,,101,114-116,2020,ICZN,established,,
59,61,Alucita brachyphimus,"(Hering, 1917)",species,,Alucita,brachyphimus,,27,191,1917,ICZN,established,,
60,64,Alucita brachyphinus,"(Hering, 1917)",species,,Alucita,brachyphinus,,,,,ICZN,established,Misspelling,
61,61,Orneodes brachyphimus,"Hering, 1917",species,,Orneodes,brachyphimus,,27,191,1917,ICZN,established,,
62,63,Alucita brachyophimus,"(Hering, 1917)",species,,Alucita,brachyophimus,,27,,1917,ICZN,established,Misspelling,
63,63,Orneodes brachyophimus,"Hering, 1917",species,,Orneodes,brachyophimus,,27,,1917,ICZN,established,Misspelling,
64,64,Orneodes brachyphinus,"Hering, 1917",species,,Orneodes,brachyphinus,,,,,ICZN,established,Misspelling,
65,66,Alucita bridarollii,"(Pastrana, 1951)",species,,Alucita,bridarollii,,75,122,1951,ICZN,established,,
66,66,Orneodes bridarollii,"Pastrana, 1951",species,,Orneodes,bridarollii,,75,122,1951,ICZN,established,,
67,68,Alucita brunnea,"(Fletcher, 1926)",species,,Alucita,brunnea,,18,637,1926,ICZN,established,,
68,68,Orneodes brunnea,"Fletcher, 1926",species,,Orneodes,brunnea,,18,637,1926,ICZN,established,,
69,69,Alucita budashkini,"Zagulajev, 2000",species,,Alucita,budashkini,,124,883,2000,ICZN,established,,
70,70,Alucita bulgaria,"Zagulajev, 2000",species,,Alucita,bulgaria,,124,882,2000,ICZN,established,,
71,71,Alucita butleri,"Wallengren, 1875",species,,Alucita,butleri,,111,130,1875,ICZN,established,,
72,72,Alucita canariensis,"Scholz & Jäckh, 1994",species,,Alucita,canariensis,,79,26,1994,ICZN,established,,
73,74,Alucita cancellata,"(Meyrick, 1908)",species,,Alucita,cancellata,,52,510,1908,ICZN,established,,
74,74,Orneodes cancellata,"Meyrick, 1908",species,,Orneodes,cancellata,,52,510,1908,ICZN,established,,
75,75,Alucita capensis,"Felder & Rogenhofer, 1875",species,,Alucita,capensis,,14,"Plate CXL, fig. 63",1875,ICZN,established,,
76,77,Alucita certifica,"(Meyrick, 1909)",species,,Alucita,certifica,,53,"4, plate 2",1909,ICZN,established,,
77,77,Orneodes certifica,"Meyrick, 1909",species,,Orneodes,certifica,,53,"4, plate 2",1909,ICZN,established,,
78,79,Alucita chloracta,"(Meyrick, 1908)",species,,Alucita,chloracta,,52,507,1908,ICZN,established,,
79,79,Orneodes chloracta,"Meyrick, 1908",species,,Orneodes,chloracta,,52,507,1908,ICZN,established,,
80,81,Alucita cinnerethella,"(Amsel, 1935)",species,,Alucita,cinnerethella,,4,293,1935,ICZN,established,,
81,81,Orneodes cinnerethella,"Amsel, 1935",species,,Orneodes,cinnerethella,,4,293,1935,ICZN,established,,
82,83,Alucita coffeina,"(Viette, 1958)",species,,Alucita,coffeina,,105,457,1958,ICZN,established,,
83,83,Orneodes coffeina,"Viette, 1958",species,,Orneodes,coffeina,,105,457,1958,ICZN,established,,
84,85,Alucita compsoxantha,"(Meyrick, 1924)",species,,Alucita,compsoxantha,,62,95,1924,ICZN,established,,
85,85,Orneodes compsoxantha,"Meyrick, 1924",species,,Orneodes,compsoxantha,,62,95,1924,ICZN,established,,
86,87,Alucita crococyma,"(Meyrick, 1937)",species,,Alucita,crococyma,,70,119,1937,ICZN,established,,
87,87,Orneodes crococyma,"Meyrick, 1937",species,,Orneodes,crococyma,,70,119,1937,ICZN,established,,
88,89,Alucita cyanophanes,"(Meyrick, 1934)",species,,Alucita,cyanophanes,,68,506,1934,ICZN,established,,
89,89,Orneodes cyanophanes,"Meyrick, 1934",species,,Orneodes,cyanophanes,,68,506,1934,ICZN,established,,
90,90,Alucita cymatodactyla,"Zeller, 1852",species,,Alucita,cymatodactyla,,127,413,1852,ICZN,established,,
91,91,Alucita baldizzonella,"Nel, 2001",species,,Alucita,baldizzonella,,73,101,2001,ICZN,established,,
92,93,Alucita cymographa,"(Meyrick, 1929)",species,,Alucita,cymographa,,65,536,1929,ICZN,established,,
93,93,Orneodes cymographa,"Meyrick, 1929",species,,Orneodes,cymographa,,65,536,1929,ICZN,established,,
94,94,Alucita danunciae,"Vargas, 2011",species,,Alucita,danunciae,,103,85,2011,ICZN,established,,
95,95,Alucita debilella,"Scholz & Jäckh, 1994",species,,Alucita,debilella,,79,54,1994,ICZN,established,,
96,96,Alucita deboeri,"Gielis, 2009",species,,Alucita,deboeri,,21,19,2009,ICZN,established,,
97,97,Alucita deja,"Ustjuzhanin & Kovtunovich, 2020",species,,Alucita,deja,,101,112-114,2020,ICZN,established,,
98,98,Alucita dejongi,"Gielis, 2009",species,,Alucita,dejongi,,21,19,2009,ICZN,established,,
99,99,Alucita desmodactyla,"Zeller, 1847",species,,Alucita,desmodactyla,,125,908,1847,ICZN,established,,
100,100,Orneodes flavidactyla,"Toll, 1936",species,,Orneodes,flavidactyla,,84,405,1936,ICZN,established,,
101,100,Alucita flavidactyla,"(Toll, 1936)",species,,Alucita,flavidactyla,,84,405,1936,ICZN,established,,
102,102,Alucita devosi,"Gielis, 2009",species,,Alucita,devosi,,21,19,2009,ICZN,established,,
103,106,Alucita dohertyi,"(Walsingham, 1909)",species,,Alucita,dohertyi,,115,174,1909,ICZN,established,,
104,105,Alucita decaryella,"(Viette, 1956)",species,,Alucita,decaryella,,104,89,1956,ICZN,established,,
105,105,Orneodes decaryella,"Viette, 1956",species,,Orneodes,decaryella,,104,89,1956,ICZN,established,,
106,106,Orneodes dohertyi,"Walsingham, 1909",species,,Orneodes,dohertyi,,115,174,1909,ICZN,established,,
107,108,Alucita ectomesa,"(Hering, 1917)",species,,Alucita,ectomesa,,27,190,1917,ICZN,established,,
108,108,Orneodes ectomesa,"Hering, 1917",species,,Orneodes,ectomesa,,27,190,1917,ICZN,established,,
109,109,Alucita extomesa,"Hering, 1917",species,,Alucita,extomesa,,,,,ICZN,established,Misspelling,
110,110,Orneodes myriodesma,"Meyrick, 1929",species,,Orneodes,myriodesma,,65,533,1929,ICZN,established,,
111,110,Alucita myriodesma,"(Meyrick, 1929)",species,,Alucita,myriodesma,,65,533,1929,ICZN,established,,
112,113,Alucita entoprocta,"(Hering, 1917)",species,,Alucita,entoprocta,,27,193,1917,ICZN,established,,
113,113,Orneodes entoprocta,"Hering, 1917",species,,Orneodes,entoprocta,,27,193,1917,ICZN,established,,
114,114,Alucita escobari,"Ustjuzhanin & Kovtunovich, 2018",species,,Alucita,escobari,,98,129,2018,ICZN,established,,
115,116,Alucita eteoxantha,"(Meyrick, 1929)",species,,Alucita,eteoxantha,,65,533,1929,ICZN,established,,
116,116,Orneodes eteoxantha,"Meyrick, 1929",species,,Orneodes,eteoxantha,,65,533,1929,ICZN,established,,
117,117,Alucita eudactyla,"Felder & Rogenhofer, 1875",species,,Alucita,eudactyla,,14,"Plate CXL, Fig. 62",1875,ICZN,established,,
118,119,Alucita eudasys,"(Diakonoff, 1954)",species,,Alucita,eudasys,,13,177,1954,ICZN,established,,
119,119,Orneodes eudasys,"Diakonoff, 1954",species,,Orneodes,eudasys,,13,177,1954,ICZN,established,,
120,121,Alucita eurynephela,"(Meyrick, 1929)",species,,Alucita,eurynephela,,,,,ICZN,established,,
121,121,Orneodes eurynephela,"Meyrick, 1929",species,,Orneodes,eurynephela,,,,,ICZN,established,,
122,123,Alucita eurynephala,"(Meyrick, 1929)",species,,Alucita,eurynephala,,65,,1929,ICZN,established,Misspelling,
123,123,Orneodes eurynephala,"Meyrick, 1929",species,,Orneodes,eurynephala,,65,,1929,ICZN,established,Misspelling,
124,124,Alucita euscripta,"Minet, 1976",species,,Alucita,euscripta,,71,41,1976,ICZN,established,,
125,125,Alucita ferruginea,"Walsingham, 1881",species,,Alucita,ferruginea,,112,285,1881,ICZN,established,,
126,127,Alucita flavicincta,"(Walsingham, 1915)",species,,Alucita,flavicincta,,116,450,1915,ICZN,established,,
127,127,Orneodes flavicincta,"Walsingham, 1915",species,,Orneodes,flavicincta,,116,450,1915,ICZN,established,,
128,129,Alucita flaviserta,"(Meyrick, 1921)",species,,Alucita,flaviserta,,60,107,1921,ICZN,established,,
129,129,Orneodes flaviserta,"Meyrick, 1921",species,,Orneodes,flaviserta,,60,107,1921,ICZN,established,,
130,131,Alucita flavofascia,"(Inoue, 1956)",species,,Alucita,flavofascia,,32,,1956,ICZN,established,,
131,131,Orneodes flavofascia,"Inoue, 1956",species,,Orneodes,flavofascia,,32,,1956,ICZN,established,,
132,133,Alucita fletcheriana,"(Ghesquière, 1940)",species,,Alucita,fletcheriana,,19,37,1940,ICZN,established,,
133,133,Orneodes fletcheriana,"Ghesquière, 1940",species,,Orneodes,fletcheriana,,19,37,1940,ICZN,established,,
134,134,Alucita fokami,"Ustjuzhanin & Kovtunovich, 2018",species,,Alucita,fokami,,98,131,2018,ICZN,established,,
135,136,Alucita fumosa,"(Diakonoff, 1948)",species,,Alucita,fumosa,,12,214,1948,ICZN,established,,
136,136,Orneodes fumosa,"Diakonoff, 1948",species,,Orneodes,fumosa,,12,214,1948,ICZN,established,,
137,137,Alucita grammodactyla,"Zeller, 1841",species,,Alucita,grammodactyla,,126,869,1841,ICZN,established,,
138,138,Alucita araxella,"Zagulajev, 2000",species,,Alucita,araxella,,124,880,2000,ICZN,established,,
139,140,Alucita grammodactyla poecilodactyla,"Alphéraky, 1876",subspecies,,Alucita,grammodactyla,poecilodactyla,1,225,1876,ICZN,established, https://biodiversitylibrary.org/page/47928623,
140,140,Alucita grammodactyla var. poecilodactyla,"Alphéraky, 1876",variety,,Alucita,grammodactyla,poecilodactyla,1,225,1876,ICZN,established,,
141,142,Alucita habrophila,"(Meyrick, 1920)",species,,Alucita,habrophila,,58,293,1920,ICZN,established,,
142,142,Orneodes habrophila,"Meyrick, 1920",species,,Orneodes,habrophila,,58,293,1920,ICZN,established,,
143,143,Alucita helena,"Ustjuzhanin, 1993",species,,Alucita,helena,,90,83,1993,ICZN,established,,
144,145,Alucita hemicyclus,"(Hering, 1917)",species,,Alucita,hemicyclus,,27,,1917,ICZN,established,,
145,145,Orneodes hemicyclus,"Hering, 1917",species,,Orneodes,hemicyclus,,27,,1917,ICZN,established,,
146,146,Alucita hexadactyla,"Linnaeus, 1758",species,,Alucita,hexadactyla,,40,542,1758,ICZN,established,,
147,147,Alucita polydactyla,"Hübner, 1813",species,,Alucita,polydactyla,,30,Pl. 6 Fig. 28,1813,ICZN,established,,
148,148,Alucita poecilodactyla,"Stephens, 1835",species,,Alucita,poecilodactyla,,82,379,1835,ICZN,established,,
149,150,Alucita hofmanni,"(Pagenstecher, 1900)",species,,Alucita,hofmanni,,74,242,1900,ICZN,established,,
150,150,Orneodes hofmanni,"Pagenstecher, 1900",species,,Orneodes,hofmanni,,74,242,1900,ICZN,established,,
151,152,Alucita homotrocha,"(Meyrick, 1921)",species,,Alucita,homotrocha,,60,108,1921,ICZN,established,,
152,152,Orneodes homotrocha,"Meyrick, 1921",species,,Orneodes,homotrocha,,60,108,1921,ICZN,established,,
153,153,Alucita huebneri,"Wallengren, 1859",species,,Alucita,huebneri,,110,24,1859,ICZN,established,,
154,155,Alucita cartereaui,"Jourdheuille, 1883",species,,Alucita,cartereaui,,33,220,1883,ICZN,established,,
155,155,Alucita huebneri f. cartereaui,"Jourdheuille, 1883",form,,Alucita,huebneri,,33,220,1883,ICZN,established,,
156,156,Alucita caucasica,"Zagulajev, 1986",species,,Alucita,caucasica,,119,220,1986,ICZN,established,,
157,158,Alucita hypocosma,"(Meyrick, 1934)",species,,Alucita,hypocosma,,8,28,1934,ICZN,established,,
158,158,Orneodes hypocosma,"Meyrick, 1934",species,,Orneodes,hypocosma,,8,28,1934,ICZN,established,,
159,159,Alucita iberica,"Scholz & Jäckh, 1994",species,,Alucita,iberica,,79,44,1994,ICZN,established,,
160,161,Alucita idiocrossa,"(Meyrick, 1936)",species,,Alucita,idiocrossa,,,,,ICZN,established,,
161,161,Orneodes idiocrossa,"Meyrick, 1936",species,,Orneodes,idiocrossa,,,,,ICZN,established,,
162,163,Alucita illuminatrix,"(Meyrick, 1929)",species,,Alucita,illuminatrix,,,,,ICZN,established,,
163,163,Orneodes illuminatrix,"Meyrick, 1929",species,,Orneodes,illuminatrix,,,,,ICZN,established,,
164,164,Alucita iranensis,"Scholz & Jäckh, 1994",species,,Alucita,iranensis,,79,34,1994,ICZN,established,,
165,165,Alucita iringiensis,"Ustjuzhanin & Kovtunovich, 2018",species,,Alucita,iringiensis,,99,,2018,ICZN,established,,
166,167,Alucita ischalea,"(Meyrick, 1905)",species,,Alucita,ischalea,,49,583,1905,ICZN,established,,
167,167,Orneodes ischalea,"Meyrick, 1905",species,,Orneodes,ischalea,,49,583,1905,ICZN,established,,
168,169,Alucita ithycypha,"(Meyrick, 1927)",species,,Alucita,ithycypha,,,,,ICZN,established,,
169,169,Orneodes ithycypha,"Meyrick, 1927",species,,Orneodes,ithycypha,,,,,ICZN,established,,
170,170,Alucita jana,"Ustjuzhanin & Kovtunovich, 2020",species,,Alucita,jana,,101,107-108,2020,ICZN,established,,
171,171,Alucita janeceki,"Ustjuzhanin & Kovtunovich, 2018",species,,Alucita,janeceki,,98,133,2018,ICZN,established,,
172,173,Alucita japonica,"(Matsumura, 1931)",species,,Alucita,japonica,,43,,1931,ICZN,established,,
173,173,Orneodes japonica,"Matsumura, 1931",species,,Orneodes,japonica,,43,,1931,ICZN,established,,
174,175,Alucita jujuyensis,"(Pastrana, 1954)",species,,Alucita,jujuyensis,,76,491,1954,ICZN,established,,
175,175,Orneodes jujuyensis,"Pastrana, 1954",species,,Orneodes,jujuyensis,,76,491,1954,ICZN,established,,
176,176,Alucita karadagica,"Zagulajev, 2000",species,,Alucita,karadagica,,124,,2000,ICZN,established,,
177,177,Alucita kazachstanica,"Gielis, 2003",species,,Alucita,kazachstanica,,20,112,2003,ICZN,established,,
178,178,Alucita klimeschi,"Scholz, 1997",species,,Alucita,klimeschi,,78,,1997,ICZN,established,,
179,179,Alucita kosterini,"Ustjuzhanin, 1999",species,,Alucita,kosterini,,91,5,1999,ICZN,established,,
180,180,Alucita kosterini shachristanella,"Korb, 2013",subspecies,,Alucita,kosterini,shachristanella,34,,2013,ICZN,established,,
181,181,Alucita lackneri,"Gielis, 2009",species,,Alucita,lackneri,,21,20,2009,ICZN,established,,
182,182,Alucita lalannei,"Landry & Landry, 2004",species,,Alucita,lalannei,,37,568-577,2004,ICZN,established,,
183,184,Alucita libraria,"(Meyrick, 1911)",species,,Alucita,libraria,,55,221,1911,ICZN,established,,
184,184,Orneodes libraria,"Meyrick, 1911",species,,Orneodes,libraria,,55,221,1911,ICZN,established,,
185,185,Alucita lidiya,"Ustjuzhanin & Kovtunovich, 2018",species,,Alucita,lidiya,,98,126,2018,ICZN,established,,
186,187,Alucita longipalpella,"(Caradja, 1939)",species,,Alucita,longipalpella,,,,,ICZN,established,,
187,187,Orneodes longipalpella,"Caradja, 1939",species,,Orneodes,longipalpella,,,,,ICZN,established,,
188,188,Alucita longipenis,"Ustjuzhanin & Kovtunovich, 2018",species,,Alucita,longipenis,,98,,2018,ICZN,established,,
189,189,Alucita ludmila,"Ustjuzhanin & Kovtunovich, 2018",species,,Alucita,ludmila,,98,127,2018,ICZN,established,,
190,191,Alucita lyristis,"(Meyrick, 1911)",species,,Alucita,lyristis,,54,107,1911,ICZN,established,,
191,191,Orneodes lyristis,"Meyrick, 1911",species,,Orneodes,lyristis,,54,107,1911,ICZN,established,,
192,192,Alucita mabilabolensis,"Gielis, 2009",species,,Alucita,mabilabolensis,,21,21,2009,ICZN,established,,
193,194,Alucita magadis,"(Meyrick, 1908)",species,,Alucita,magadis,,52,510,1908,ICZN,established,,
194,194,Orneodes magadis,"Meyrick, 1908",species,,Orneodes,magadis,,52,510,1908,ICZN,established,,
195,196,Alucita major,"(Rebel, 1905)",species,,Alucita,major,,,,,ICZN,established,,
196,196,Orneodes major,"Rebel, 1905",species,,Orneodes,major,,,,,ICZN,established,,
197,197,Alucita malawica,"Ustjuzhanin & Kovtunovich, 2016",species,,Alucita,malawica,,95,,2016,ICZN,established,,
198,198,Alucita manneringi,"Gielis, 2009",species,,Alucita,manneringi,,21,21,2009,ICZN,established,,
199,200,Alucita maxima,"(Turati, 1924)",species,,Alucita,maxima,,85,151,1924,ICZN,established,,
200,200,Orneodes maxima,"Turati, 1924",species,,Orneodes,maxima,,85,151,1924,ICZN,established,,
201,201,Alucita melanodactyla,"Legrand, 1965",species,,Alucita,melanodactyla,,,,,ICZN,established,,
202,202,Alucita meloui,"Ustjuzhanin & Kovtunovich, 2016",species,,Alucita,meloui,,102,1115,2016,ICZN,established,,
203,204,Alucita mesolychna,"(Meyrick, 1908)",species,,Alucita,mesolychna,,52,508,1908,ICZN,established,,
204,204,Orneodes mesolychna,"Meyrick, 1908",species,,Orneodes,mesolychna,,52,508,1908,ICZN,established,,
205,206,Alucita microdesma,"(Meyrick, 1929)",species,,Alucita,microdesma,,65,534,1929,ICZN,established,,
206,206,Orneodes microdesma,"Meyrick, 1929",species,,Orneodes,microdesma,,65,534,1929,ICZN,established,,
207,208,Alucita micrographa,"(Diakonoff, 1954)",species,,Alucita,micrographa,,13,181,1954,ICZN,established,,
208,208,Orneodes micrographa,"Diakonoff, 1954",species,,Orneodes,micrographa,,13,181,1954,ICZN,established,,
209,210,Alucita microscopica,"(Fletcher, 1910)",species,,Alucita,microscopica,,,,,ICZN,established,,
210,210,Orneodes microscopica,"Fletcher, 1910",species,,Orneodes,microscopica,,,,,ICZN,established,,
211,211,Alucita mischenini,"Ustjuzhanin & Kovtunovich, 2018",species,,Alucita,mischenini,,98,130,2018,ICZN,established,,
212,213,Alucita molliflua,"(Meyrick, 1927)",species,,Alucita,molliflua,,63,373,1927,ICZN,established,,
213,213,Orneodes molliflua,"Meyrick, 1927",species,,Orneodes,molliflua,,63,373,1927,ICZN,established,,
214,214,Alucita montana,"Barnes & Lindsey, 1921",species,,Alucita,montana,,37,555-561,2004,ICZN,established,,
215,215,Alucita montana,"Cockerell, 1889",species,,Alucita,montana,,11,,1889,ICZN,established,,
216,217,Alucita montigena,"(Fletcher, 1910)",species,,Alucita,montigena,,,,,ICZN,established,,
217,217,Orneodes montigena,"Fletcher, 1910",species,,Orneodes,montigena,,,,,ICZN,established,,
218,219,Alucita mulciber,"(Meyrick, 1932)",species,,Alucita,mulciber,,67,333,1932,ICZN,established,,
219,219,Orneodes mulciber,"Meyrick, 1932",species,,Orneodes,mulciber,,67,333,1932,ICZN,established,,
220,220,Alucita murphy,"Ustjuzhanin & Kovtunovich, 2016",species,,Alucita,murphy,,95,,2016,ICZN,established,,
221,221,Alucita murzini,"Ustjuzhanin & Kovtunovich, 2016",species,,Alucita,murzini,,102,,2016,ICZN,established,,
222,222,Alucita nannodactyla,"Rebel, 1907",species,,Alucita,nannodactyla,,,,,ICZN,established,,
223,223,Alucita nasuta,"Zeller, 1877",species,,Alucita,nasuta,,128,486,1877,ICZN,established,,
224,225,Alucita nephelotoxa,"(Meyrick, 1908)",species,,Alucita,nephelotoxa,,52,505,1908,ICZN,established,,
225,225,Orneodes nephelotoxa,"Meyrick, 1908",species,,Orneodes,nephelotoxa,,52,505,1908,ICZN,established,,
226,227,Alucita niphadosema,"(Diakonoff, 1954)",species,,Alucita,niphadosema,,13,182,1954,ICZN,established,,
227,227,Orneodes niphadosema,"Diakonoff, 1954",species,,Orneodes,niphadosema,,13,182,1954,ICZN,established,,
228,229,Alucita niphodosema,"(Diakonoff, 1954)",species,,Alucita,niphodosema,,,,,ICZN,established,Misspelling,
229,229,Orneodes niphodosema,"Diakonoff, 1954",species,,Orneodes,niphodosema,,,,,ICZN,established,Misspelling,
230,231,Alucita niphostrota,"(Meyrick, 1908)",species,,Alucita,niphostrota,,52,507,1908,ICZN,established,,
231,231,Orneodes niphostrota,"Meyrick, 1908",species,,Orneodes,niphostrota,,52,507,1908,ICZN,established,,
232,232,Alucita nipsana,"Gielis, 2009",species,,Alucita,nipsana,,21,22,2009,ICZN,established,,
233,234,Alucita nubifera,"(Meyrick, 1921)",species,,Alucita,nubifera,,61,408,1921,ICZN,established,,
234,234,Orneodes nubifera,"Meyrick, 1921",species,,Orneodes,nubifera,,61,408,1921,ICZN,established,,
235,235,Alucita nyasa,"Ustjuzhanin & Kovtunovich, 2016",species,,Alucita,nyasa,,95,,2016,ICZN,established,,
236,238,Alucita objurgatella,"(Walsingham, 1907)",species,,Alucita,objurgatella,,114,477,,ICZN,established,,https://www.biodiversitylibrary.org/page/38854851
237,239,Alucita angustestriata,"(Walsingham, 1907)",species,,Alucita,angustestriata,,114,477,1907,ICZN,established,,https://www.biodiversitylibrary.org/page/38854851
238,238,Orneodes objurgatella,"Walsingham, 1907",species,,Orneodes,objurgatella,,114,477,,ICZN,established,,https://www.biodiversitylibrary.org/page/38854851
239,239,Orneodes angustestriata,"Walsingham, 1907",species,,Orneodes,angustestriata,,114,477,1907,ICZN,established,,https://www.biodiversitylibrary.org/page/38854851
240,242,Alucita ochraspis,"(Meyrick, 1929)",species,,Alucita,ochraspis,,,,,ICZN,established,,
241,241,Alucita cohraspis,"Meyrick, 1929",species,,Alucita,cohraspis,,,,,ICZN,established,Misspelling,
242,242,Orneodes ochraspis,"Meyrick, 1929",species,,Orneodes,ochraspis,,,,,ICZN,established,,
243,244,Alucita ochriprota,"(Hering, 1917)",species,,Alucita,ochriprota,,27,194,1917,ICZN,established,,
244,244,Orneodes ochriprota,"Hering, 1917",species,,Orneodes,ochriprota,,27,194,1917,ICZN,established,,
245,245,Alucita ochrobasalis,"van Mastrigt & Gielis, 2009",species,,Alucita,ochrobasalis,,42,35,2009,ICZN,established,,
246,247,Alucita ochrozona,"(Meyrick, 1907)",species,,Alucita,ochrozona,,51,730,1907,ICZN,established,,
247,247,Orneodes ochrozona,"Meyrick, 1907",species,,Orneodes,ochrozona,,51,730,1907,ICZN,established,,
248,248,Alucita olga,"Ustjuzhanin & Kovtunovich, 2018",species,,Alucita,olga,,98,135,2018,ICZN,established,,
249,249,Alucita ordubadi,"Zagulajev, 2000",species,,Alucita,ordubadi,,124,888,2000,ICZN,established,,
250,250,Alucita palodactyla,"Zeller, 1847",species,,Alucita,palodactyla,,,,,ICZN,established,,
251,252,Alucita parthanodactyla,"(Chrétien, 1915)",species,,Alucita,parthanodactyla,,,,,ICZN,established,Misspelling,
252,252,Orneodes parthanodactyla,"Chrétien, 1915",species,,Orneodes,parthanodactyla,,,,,ICZN,established,Misspelling,
253,253,Orneodes parthenodactyla,"Chrétien, 1915",species,,Orneodes,parthenodactyla,,9,296,1915,ICZN,established,,
254,254,Alucita perittodactyla,"Staudinger, 1859",species,,Alucita,perittodactyla,,81,259,1859,ICZN,established,,
255,253,Alucita parthenodactyla,"(Chrétien, 1915)",species,,Alucita,parthenodactyla,,9,296,1915,ICZN,established,,
256,257,Alucita panduris,"(Meyrick, 1911)",species,,Alucita,panduris,,54,106,1911,ICZN,established,,
257,257,Orneodes panduris,"Meyrick, 1911",species,,Orneodes,panduris,,54,106,1911,ICZN,established,,
258,259,Alucita panolbia,"(Walsingham, 1915)",species,,Alucita,panolbia,,116,451,1915,ICZN,established,,
259,259,Orneodes panolbia,"Walsingham, 1915",species,,Orneodes,panolbia,,116,451,1915,ICZN,established,,
260,260,Alucita papuaensis,"Gielis, 2009",species,,Alucita,papuaensis,,21,23,2009,ICZN,established,,
261,262,Alucita parca,"(Rebel, 1901)",species,,Alucita,parca,,,,,ICZN,established,,
262,262,Orneodes parca,"Rebel, 1901",species,,Orneodes,parca,,,,,ICZN,established,,
263,264,Alucita patria,"(Meyrick, 1921)",species,,Alucita,patria,,61,,1921,ICZN,established,,
264,264,Orneodes patria,"Meyrick, 1921",species,,Orneodes,patria,,61,,1921,ICZN,established,,
265,265,Alucita pectinata,"Scholz & Jäckh, 1994",species,,Alucita,pectinata,,79,52,1994,ICZN,established,,
266,266,Alucita pepperella,"Whalley, 1962",species,,Alucita,pepperella,,,,,ICZN,established,,
267,268,Alucita phanerarcha,"(Meyrick, 1924)",species,,Alucita,phanerarcha,,62,96,1924,ICZN,established,,
268,268,Orneodes phanerarcha,"Meyrick, 1924",species,,Orneodes,phanerarcha,,62,96,1924,ICZN,established,,
269,270,Alucita philomela,"(Meyrick, 1937)",species,,Alucita,philomela,,,,,ICZN,established,,
270,270,Orneodes philomela,"Meyrick, 1937",species,,Orneodes,philomela,,,,,ICZN,established,,
271,272,Alucita photaula,"(Meyrick, 1918)",species,,Alucita,photaula,,57,55,1918,ICZN,established,,
272,272,Orneodes photaula,"Meyrick, 1918",species,,Orneodes,photaula,,57,55,1918,ICZN,established,,
273,273,Alucita phricodes,"Meyrick, 1886",species,,Alucita,phricodes,,46,20,1886,ICZN,established,,
274,275,Alucita pinalea,"(Meyrick, 1908)",species,,Alucita,pinalea,,52,506,1908,ICZN,established,,
275,275,Orneodes pinalea,"Meyrick, 1908",species,,Orneodes,pinalea,,52,506,1908,ICZN,established,,
276,276,Alucita pliginskii,"Zagulajev, 2000",species,,Alucita,pliginskii,,124,885,2000,ICZN,established,,
277,278,Alucita plumigera,"(Strand, 1913)",species,,Alucita,plumigera,,83,63,1913,ICZN,established,,
278,278,Orneodes plumigera,"Strand, 1913",species,,Orneodes,plumigera,,83,63,1913,ICZN,established,,
279,280,Alucita pluvialis,"(Meyrick, 1908)",species,,Alucita,pluvialis,,52,505,1908,ICZN,established,,
280,280,Orneodes pluvialis,"Meyrick, 1908",species,,Orneodes,pluvialis,,52,505,1908,ICZN,established,,
281,282,Alucita postfasciata,"(Fletcher, 1910)",species,,Alucita,postfasciata,,,,,ICZN,established,,
282,282,Orneodes postfasciata,"Fletcher, 1910",species,,Orneodes,postfasciata,,,,,ICZN,established,,
283,284,Alucita proseni,"(Pastrana, 1951)",species,,Alucita,proseni,,75,117,1951,ICZN,established,,
284,284,Orneodes proseni,"Pastrana, 1951",species,,Orneodes,proseni,,75,117,1951,ICZN,established,,
285,286,Alucita pselioxantha,"(Meyrick, 1929)",species,,Alucita,pselioxantha,,,,,ICZN,established,,
286,286,Orneodes pselioxantha,"Meyrick, 1929",species,,Orneodes,pselioxantha,,,,,ICZN,established,,
287,287,Alucita pseudohuebneri,"Scholz, 1997",species,,Alucita,pseudohuebneri,,78,,1997,ICZN,established,,
288,289,Alucita pterochroma,"(Clarke, 1986)",species,,Alucita,pterochroma,,,,,ICZN,established,,
289,289,Orneodes pterochroma,"Clarke, 1986",species,,Orneodes,pterochroma,,,,,ICZN,established,,
290,290,Alucita punctiferella,"Walker, 1866",species,,Alucita,punctiferella,,109,1846,1866,ICZN,established,,
291,291,Alucita pusilla,"Hashimoto, 1984",species,,Alucita,pusilla,,,,,ICZN,established,,
292,292,Alucita pygmaea,"Meyrick, 1890",species,,Alucita,pygmaea,,48,1112,1890,ICZN,established,,
293,294,Alucita rhaptica,"(Meyrick, 1920)",species,,Alucita,rhaptica,,59,82,1920,ICZN,established,,
294,294,Orneodes rhaptica,"Meyrick, 1920",species,,Orneodes,rhaptica,,59,82,1920,ICZN,established,,
295,296,Alucita rhymotoma,"(Meyrick, 1921)",species,,Alucita,rhymotoma,,61,408,1921,ICZN,established,,
296,296,Orneodes rhymotoma,"Meyrick, 1921",species,,Orneodes,rhymotoma,,61,408,1921,ICZN,established,,
297,298,Alucita riggii,"(Orfila, 1949)",species,,Alucita,riggii,,,,,ICZN,established,,
298,298,Orneodes riggii,"Orfila, 1949",species,,Orneodes,riggii,,,,,ICZN,established,,
299,300,Alucita ruens,"(Meyrick, 1929)",species,,Alucita,ruens,,,,,ICZN,established,,
300,300,Orneodes ruens,"Meyrick, 1929",species,,Orneodes,ruens,,,,,ICZN,established,,
301,301,Alucita rutteni,"Gielis, 2009",species,,Alucita,rutteni,,21,23,2009,ICZN,established,,
302,302,Alucita sailtavica,"Zagulajev, 1993",species,,Alucita,sailtavica,,,,,ICZN,established,,
303,304,Alucita semophantis,"(Meyrick, 1929)",species,,Alucita,semophantis,,,,,ICZN,established,,
304,304,Orneodes semophantis,"Meyrick, 1929",species,,Orneodes,semophantis,,,,,ICZN,established,,
305,306,Alucita sertifera,"(Meyrick, 1921)",species,,Alucita,sertifera,,61,406,1921,ICZN,established,,
306,306,Orneodes sertifera,"Meyrick, 1921",species,,Orneodes,sertifera,,61,406,1921,ICZN,established,,
307,309,Alucita seychellensis,"(Fletcher, 1910)",species,,Alucita,seychellensis,,17,397,1910,ICZN,established,,
308,308,Orneodes megaphimus,"Hering, 1917",species,,Orneodes,megaphimus,,27,191,1917,ICZN,established,,
309,309,Orneodes seychellensis,"Fletcher, 1910",species,,Orneodes,seychellensis,,17,397,1910,ICZN,established,,
310,308,Alucita megaphimus,"(Hering, 1917)",species,,Alucita,megaphimus,,27,191,1917,ICZN,established,,
311,311,Orneodes imbrifera,"Meyrick, 1929",species,,Orneodes,imbrifera,,,,,ICZN,established,,
312,314,Alucita granata,"(Meyrick, 1921)",species,,Alucita,granata,,60,108,1921,ICZN,established,,
313,316,Alucita loxoschista,"(Meyrick, 1931)",species,,Alucita,loxoschista,,66,86,1931,ICZN,established,,
314,314,Orneodes granata,"Meyrick, 1921",species,,Orneodes,granata,,60,108,1921,ICZN,established,,
315,311,Alucita imbrifera,"(Meyrick, 1929)",species,,Alucita,imbrifera,,,,,ICZN,established,,
316,316,Orneodes loxoschista,"Meyrick, 1931",species,,Orneodes,loxoschista,,66,86,1931,ICZN,established,,
317,317,Alucita sikkima,"Moore, 1887",species,,Alucita,sikkima,,28,282,1888,ICZN,established,,
318,318,Alucita snezhinka,"Ustjuzhanin & Kovtunovich, 2018",species,,Alucita,snezhinka,,99,,2018,ICZN,established,,
319,319,Alucita sochivkoi,"Ustjuzhanin & Kovtunovich, 2016",species,,Alucita,sochivkoi,,95,,2016,ICZN,established,,
320,321,Alucita spicifera,"(Meyrick, 1911)",species,,Alucita,spicifera,,55,221,1911,ICZN,established,,
321,321,Orneodes spicifera,"Meyrick, 1911",species,,Orneodes,spicifera,,55,221,1911,ICZN,established,,
322,323,Alucita isodina,"(Meyrick, 1920)",species,,Alucita,isodina,,59,83,1920,ICZN,established,,
323,323,Orneodes isodina,"Meyrick, 1920",species,,Orneodes,isodina,,59,83,1920,ICZN,established,,
324,325,Alucita stephanopsis,"(Meyrick, 1921)",species,,Alucita,stephanopsis,,61,407,1921,ICZN,established,,
325,325,Orneodes stephanopsis,"Meyrick, 1921",species,,Orneodes,stephanopsis,,61,407,1921,ICZN,established,,
326,326,Alucita straminea,"Hashimoto, 1984",species,,Alucita,straminea,,,,,ICZN,established,,
327,328,Alucita sycophanta,"(Meyrick, 1906)",species,,Alucita,sycophanta,,50,133,1906,ICZN,established,,
328,328,Orneodes sycophanta,"Meyrick, 1906",species,,Orneodes,sycophanta,,50,133,1906,ICZN,established,,
329,329,Alucita syncophanta,"Meyrick, 1906",species,,Alucita,syncophanta,,,,,ICZN,established,Misspelling,
330,331,Alucita tandilensis,"(Pastrana, 1960)",species,,Alucita,tandilensis,,77,85,1960,ICZN,established,,
331,331,Orneodes tandilensis,"Pastrana, 1960",species,,Orneodes,tandilensis,,77,85,1960,ICZN,established,,
332,332,Alucita tanzanica,"Ustjuzhanin & Kovtunovich, 2018",species,,Alucita,tanzanica,,99,169,2018,ICZN,established,,
333,333,Alucita tatjana,"Ustjuzhanin & Kovtunovich, 2020",species,,Alucita,tatjana,,101,110-111,2020,ICZN,established,,
334,335,Alucita tesserata,"(Meyrick, 1918)",species,,Alucita,tesserata,,57,,1918,ICZN,established,,
335,335,Orneodes tesserata,"Meyrick, 1918",species,,Orneodes,tesserata,,57,,1918,ICZN,established,,
336,336,Orneodes brachyzona,"Meyrick, 1920",species,,Orneodes,brachyzona,,,,,ICZN,established,,
337,336,Alucita brachyzona,"(Meyrick, 1920)",species,,Alucita,brachyzona,,,,,ICZN,established,,
338,339,Alucita thapsina,"(Meyrick, 1905)",species,,Alucita,thapsina,,49,583,1905,ICZN,established,,
339,339,Orneodes thapsina,"Meyrick, 1905",species,,Orneodes,thapsina,,49,583,1905,ICZN,established,,
340,341,Alucita toxophila,"(Meyrick, 1906)",species,,Alucita,toxophila,,50,133,1906,ICZN,established,,
341,341,Orneodes toxophila,"Meyrick, 1906",species,,Orneodes,toxophila,,50,133,1906,ICZN,established,,
342,343,Alucita trachydesma,"(Meyrick, 1929)",species,,Alucita,trachydesma,,65,534,1929,ICZN,established,,
343,343,Orneodes trachydesma,"Meyrick, 1929",species,,Orneodes,trachydesma,,65,534,1929,ICZN,established,,
344,345,Alucita trachyptera,"(Meyrick, 1906)",species,,Alucita,trachyptera,,50,134,1906,ICZN,established,,
345,345,Orneodes trachyptera,"Meyrick, 1906",species,,Orneodes,trachyptera,,50,134,1906,ICZN,established,,
346,347,Alucita tricausta,"(Meyrick, 1908)",species,,Alucita,tricausta,,52,506,1908,ICZN,established,,
347,347,Orneodes tricausta,"Meyrick, 1908",species,,Orneodes,tricausta,,52,506,1908,ICZN,established,,
348,348,Alucita triscausta,"Meyrick, 1908",species,,Alucita,triscausta,,,,,ICZN,established,Misspelling,
349,349,Alucita tridentata,"Scholz & Jäckh, 1994",species,,Alucita,tridentata,,79,24,1994,ICZN,established,,
350,350,Alucita ussurica,"Ustjuzhanin, 1999",species,,Alucita,ussurica,,91,2,1999,ICZN,established,,
351,351,Alucita vanmastrigti,"Gielis, 2009",species,,Alucita,vanmastrigti,,21,23,2009,ICZN,established,,
352,352,Alucita walmakensis,"Gielis, 2009",species,,Alucita,walmakensis,,21,24,2009,ICZN,established,,
353,353,Alucita walmakiensis,"Gielis, 2009",species,,Alucita,walmakiensis,,21,24,2009,ICZN,established,Misspelling,
354,354,Alucita wamenaensis,"Gielis, 2009",species,,Alucita,wamenaensis,,21,24,2009,ICZN,established,,
355,355,Alucita withaari,"Gielis, 2009",species,,Alucita,withaari,,21,24,2009,ICZN,established,,
356,356,Alucita xanthodes,"Meyrick, 1890",species,,Alucita,xanthodes,,48,1112,1890,ICZN,established,,
357,358,Alucita xanthosticta,"(Turner, 1923)",species,,Alucita,xanthosticta,,89,58,1923,ICZN,established,,
358,358,Orneodes xanthosticta,"Turner, 1923",species,,Orneodes,xanthosticta,,89,58,1923,ICZN,established,,
359,359,Alucita xanthozona,"Clarke, 1986",species,,Alucita,xanthozona,,,,,ICZN,established,,
360,360,Alucita zinovievi,"Kovtunovich & Ustjuzhanin, 2016",species,,Alucita,zinovievi,,35,299,2016,ICZN,established,,
361,361,Alucita zonodactyla,"Zeller, 1847",species,,Alucita,zonodactyla,,,,,ICZN,established,,
362,362,Alucita zumkehri,"Gielis, 2009",species,,Alucita,zumkehri,,21,25,2009,ICZN,established,,
363,363,Alucita zuza,"Ustjuzhanin & Kovtunovich, 2020",species,,Alucita,zuza,,101,111-112,2020,ICZN,established,,
364,364,Alucita zwieri,"Gielis, 2009",species,,Alucita,zwieri,,21,25,2009,ICZN,established,,
365,365,Anomima,"Turner, 1922",genus,Anomima,,,,88,55,1922,ICZN,established,,
366,366,Anomima phaeochroa,"Turner, 1922",species,,Anomima,phaeochroa,,88,56,1922,ICZN,established,,
367,367,Cenoloba,"Walsingham, 1885",genus,Cenoloba,,,,113,176,1885,ICZN,established,,
368,368,Cenoloba argochalca,"Meyrick, 1939",species,,Cenoloba,argochalca,,,,,ICZN,established,,
369,369,Cenoloba cuprescens,"Hampson, 1917",species,,Cenoloba,cuprescens,,,,,ICZN,established,,
370,371,Cenoloba obliteralis,"(Walker, 1864)",species,,Cenoloba,obliteralis,,108,945,1864,ICZN,established,,
371,371,Pterophorus obliteralis,"Walker, 1864",species,,Pterophorus,obliteralis,,108,945,1864,ICZN,established,,
372,372,Cenoloba taprobana,"Hampson, 1912",species,,Cenoloba,taprobana,,,,,ICZN,established,,
373,373,Epharpastis,"Meyrick, 1887",genus,Epharpastis,,,,47,203,1887,ICZN,established,,
374,374,Epharpastis daedala,"Meyrick, 1887",species,,Epharpastis,daedala,,47,203,1887,ICZN,established,,
375,375,Euthesaura,"Turner, 1922",genus,Euthesaura,,,,88,"55 (key), 57",1922,ICZN,established,,
376,376,Euthesaura carbonaria,"Turner, 1922",species,,Euthesaura,carbonaria,,,,,ICZN,established,,
377,377,Euthesaura glycina,"Turner, 1922",species,,Euthesaura,glycina,,88,57,1922,ICZN,established,,
378,378,Euthrausta,"Turner, 1922",genus,Euthrausta,,,,88,"55 (key), 59",1922,ICZN,established,,
379,380,Euthrausta holophaea,"(Turner, 1908)",species,,Euthrausta,holophaea,,,,,ICZN,established,,
380,380,Tineodes holophaea,"Turner, 1908",species,,Tineodes,holophaea,,,,,ICZN,established,,
381,382,Euthrausta oxyprora,"(Turner, 1908)",species,,Euthrausta,oxyprora,,86,108,1908,ICZN,established,,
382,382,Tineodes oxyprora,"Turner, 1908",species,,Tineodes,oxyprora,,86,108,1908,ICZN,established,,
383,384,Euthrausta phoenicea,"(Turner, 1908)",species,,Euthrausta,phoenicea,,,,,ICZN,established,,
384,384,Tineodes phoenicea,"Turner, 1908",species,,Tineodes,phoenicea,,,,,ICZN,established,,
385,385,Hebdomactis,"Meyrick, 1929",genus,Hebdomactis,,,,65,539,1929,ICZN,established,,
386,386,Hebdomactis crystallodes,"Meyrick, 1929",species,,Hebdomactis,crystallodes,,65,539,1929,ICZN,established,,
387,387,Hexeretmis,"Meyrick, 1929",genus,Hexeretmis,,,,65,539,1929,ICZN,established,,
388,388,Hexeretmis argo,"Meyrick, 1929",species,,Hexeretmis,argo,,65,540,1929,ICZN,established,,
389,389,Hexeretmis pontopora,"Meyrick, 1934",species,,Hexeretmis,pontopora,,68,507,1934,ICZN,established,,
390,390,Hexeretmis willineri,"Pastrana, 1954",species,,Hexeretmis,willineri,,76,487,1954,ICZN,established,,
391,391,Microschismus,"Fletcher, 1909",genus,Microschismus,,,,16,253,1909,ICZN,established,,
392,392,Macrembola,"Meyrick, 1909",genus,Macrembola,,,,53,5,1909,ICZN,established,,
393,393,Microschismus antennatus,"Fletcher, 1909",species,,Microschismus,antennatus,,,,,ICZN,established,,
394,394,Microschismus ctenias,"Meyrick, 1911",species,,Microschismus,ctenias,,55,222,1911,ICZN,established,,
395,395,Microschismus columella,"Meyrick, 1927",species,,Microschismus,columella,,,,,ICZN,established,,
396,396,Microschismus cato,"Meyrick, 1927",species,,Microschismus,cato,,,,,ICZN,established,,
397,397,Microschismus cymatias,"Meyrick, 1918",species,,Microschismus,cymatias,,,,,ICZN,established,,
398,399,Microschismus fortis,"(Walsingham, 1881)",species,,Microschismus,fortis,,112,"284, Pl. XIII. fig. 49",1881,ICZN,established,,
399,399,Alucita fortis,"Walsingham, 1881",species,,Alucita,fortis,,112,"284, Pl. XIII. fig. 49",1881,ICZN,established,,
400,400,Microschismus fortis,"Meyrick, 1910",species,,Microschismus,fortis,,,,,ICZN,established,,
401,401,Microschismus lenzi,"Ustjuzhanin & Kovtunovich, 2011",species,,Microschismus,lenzi,,92,564,2011,ICZN,established,,
402,402,Microschismus premnias,"Meyrick, 1913",species,,Microschismus,premnias,,56,269,1913,ICZN,established,,
403,403,Microschismus reginus,"Ustjuzhanin & Kovtunovich, 2011",species,,Microschismus,reginus,,92,566,2011,ICZN,established,,
404,404,Microschismus sceletias,"Meyrick, 1911",species,,Microschismus,sceletias,,55,222,1911,ICZN,established,,
405,405,Microschismus sterkfonteini,"Ustjuzhanin & Kovtunovich, 2011",species,,Microschismus,sterkfonteini,,92,568,2011,ICZN,established,,
406,406,Neoxychirota,"Clarke, 1986",genus,Neoxychirota,,,,10,14,1986,ICZN,established,,
407,407,Neoxychirota isolata,"Clarke, 1986",species,,Neoxychirota,isolata,,10,"16, fig'd",1986,ICZN,established,,
408,408,Oxychirota,"Meyrick, 1885",genus,Oxychirota,,,,45,438,1885,ICZN,established,,https://www.biodiversitylibrary.org/page/13718240
409,409,Oxychirota ceylonica,"Hampson, 1906",species,,Oxychirota,ceylonica,,,,,ICZN,established,,
410,410,Oxychirota mesocola,"Hampson, 1906",species,,Oxychirota,mesocola,,,,,ICZN,established,,
411,411,Oxychirota paradoxa,"Meyrick, 1885",species,,Oxychirota,paradoxa,,44,438,1885,ICZN,established,,https://www.biodiversitylibrary.org/page/13718240
412,412,Paelia,"Walker, 1866",genus,Paelia,,,,109,1846,1866,ICZN,established,,
413,413,Paelia lunuligera,"Walker, 1866",species,,Paelia,lunuligera,,109,1846,1866,ICZN,established,,
414,414,Palaeodes,"Hampson, 1913",genus,Palaeodes,,,,24,318,1913,ICZN,established,,
415,415,Palaeodes samealis,"Hampson, 1913",species,,Palaeodes,samealis,,24,318,1913,ICZN,established,,
416,416,Prymnotomis,"Meyrick, 1931",genus,Prymnotomis,,,,66,86,1931,ICZN,established,,
417,417,Prymnotomis crypsicroca,"Meyrick, 1931",species,,Prymnotomis,crypsicroca,,66,86,1931,ICZN,established,,
418,418,Pterotopteryx,"Hannemann, 1959",genus,Pterotopteryx,,,,25,173,1959,ICZN,established,,
419,419,Pterotopteryx colchica,"Zagulajev, 1992",species,,Pterotopteryx,colchica,,121,30,1992,ICZN,established,,
420,423,Pterotopteryx dodecadactyla,"(Hübner, 1813)",species,,Pterotopteryx,dodecadactyla,,30,pl.6 fig.29,1813,ICZN,established,,
421,421,Orneodes dorcadius,"Hering, 1917",species,,Orneodes,dorcadius,,27,194,1917,ICZN,established,,
422,421,Alucita dorcadius,"(Hering, 1917)",species,,Alucita,dorcadius,,27,194,1917,ICZN,established,,
423,423,Alucita dodecadactyla,"Hübner, 1813",species,,Alucita,dodecadactyla,,30,pl.6 fig.29,1813,ICZN,established,,
424,426,Pterotopteryx eumorphodactyla,"(Caradja, 1920)",species,,Pterotopteryx,eumorphodactyla,,7,88,1920,ICZN,established,,
425,425,Alucita eumorphodactyla,"(Caradja, 1920)",species,,Alucita,eumorphodactyla,,,,,ICZN,established,,
426,426,Orneodes zonodactyla var. eumorphodactyla,"Caradja, 1920",variety,,Orneodes,zonodactyla,,7,88,1920,ICZN,established,,
427,427,Alucita sakhalinica,"Zagulajev, 1995",species,,Alucita,sakhalinica,,,,,ICZN,established,,
428,428,Pterotopteryx koreana,"Byun, 2006",species,,Pterotopteryx,koreana,,5,42,2006,ICZN,established,,
429,429,Pterotopteryx lida,"Ustjuzhanin & Kovtunovich, 2016",species,,Pterotopteryx,lida,,94,17,2016,ICZN,established,,
430,431,Pterotopteryx lonicericola,"(Kuznetzov, 1978)",species,,Pterotopteryx,lonicericola,,36,116,1978,ICZN,established,,
431,431,Alucita lonicericola,"Kuznetzov, 1978",species,,Alucita,lonicericola,,36,116,1978,ICZN,established,,
432,432,Pterotopteryx nigrifasciata,"Byun & Park, 2007",species,,Pterotopteryx,nigrifasciata,,6,,2007,ICZN,established,,
433,435,Pterotopteryx spilodesma,"(Meyrick, 1908)",species,,Pterotopteryx,spilodesma,,52,508,1908,ICZN,established,,
434,439,Alucita isshikii,"(Matsumura, 1931)",species,,Alucita,isshikii,,43,,1931,ICZN,established,,
435,435,Orneodes spilodesma,"Meyrick, 1908",species,,Orneodes,spilodesma,,52,508,1908,ICZN,established,,
436,436,Orneodes ochracea,"Marumo, 1923",species,,Orneodes,ochracea,,,,,ICZN,established,,
437,436,Alucita ochracea,"(Marumo, 1923)",species,,Alucita,ochracea,,,,,ICZN,established,,
438,438,Alucita spilodesma,"(Meyrick, 1908)",species,,Alucita,spilodesma,,,,,ICZN,established,,
439,439,Orneodes isshikii,"Matsumura, 1931",species,,Orneodes,isshikii,,43,,1931,ICZN,established,,
440,442,Pterotopteryx synnephodactyla,"(Alphéraky, 1876)",species,,Pterotopteryx,synnephodactyla,,2,33,1876,ICZN,established,,
441,441,Pterotopteryx monticola,"Zagulajev, 1992",species,,Pterotopteryx,monticola,,120,26,1992,ICZN,established,,
442,442,Alucita synnephodactyla,"Alphéraky, 1876",species,,Alucita,synnephodactyla,,2,33,1876,ICZN,established,,
443,443,Pterotopteryx synaphodactyla,"Alphéraky, 1876",species,,Pterotopteryx,synaphodactyla,,,,,ICZN,established,Misspelling,
444,444,Pterotopteryx tshatkalica,"Zagulajev, 1995",species,,Pterotopteryx,tshatkalica,,123,117,1995,ICZN,established,,
445,445,Pterotopteryx vietana,"Byun & Park, 2007",species,,Pterotopteryx,vietana,,6,,2007,ICZN,established,,
446,446,Tanycnema,"Turner, 1922",genus,Tanycnema,,,,88,"55 (key), 56",1922,ICZN,established,,
447,447,Tanycnema anomala,"Turner, 1922",species,,Tanycnema,anomala,,88,57,1922,ICZN,established,,
448,448,Tephroniopsis,"Amsel, 1961",genus,Tephroniopsis,,,,3,402,1961,ICZN,established,,
449,449,Tephroniopsis geometridalis,"Amsel, 1961",species,,Tephroniopsis,geometridalis,,3,"403, text-figs 90-92, pl.5 fig.207",1961,ICZN,established,,
450,450,Tineodes,"Guenée, 1854",genus,Tineodes,,,,22,236,1854,ICZN,established,,https://www.biodiversitylibrary.org/page/9825892
451,451,Carcantia,"Walker, 1859",genus,Carcantia,,,,107,"407 (key, as *Careantia), 424",1859,ICZN,established,,
452,452,Careantia,"Walker, 1859",genus,Careantia,,,,107,"407 (key); 407 (key, as *Careantia), 424",1859,ICZN,established,,
453,453,Tineodes adactylalis,"Guenée, 1854",species,,Tineodes,adactylalis,,22,"237, pl.9 fig.7",1854,ICZN,established,,https://www.biodiversitylibrary.org/page/9825893
454,454,Carcantia pterophoralis,"Walker, 1859",species,,Carcantia,pterophoralis,,107,425,1859,ICZN,established,,
455,454,Tineodes pterophoralis,"(Walker, 1859)",species,,Tineodes,pterophoralis,,107,425,1859,ICZN,established,,
456,456,Triscaedecia,"Hampson, 1905",genus,Triscaedecia,,,,23,247,1905,ICZN,established,,
457,457,Triscaedecia dactyloptera,"Hampson, 1905",species,,Triscaedecia,dactyloptera,,23,"247, fig.",1905,ICZN,established,,
458,458,Triscaedecia sarawaki,"Ustjuzhanin, Kovtunovich & Hobern, 2019",species,,Triscaedecia,sarawaki,,100,376-378,2019,ICZN,established,,
459,460,Triscaedecia septemdactyla,"(Pagenstecher, 1900)",species,,Triscaedecia,septemdactyla,,74,241,1900,ICZN,established,,
460,460,Hofmannia septemdactyla,"Pagenstecher, 1900",species,,Hofmannia,septemdactyla,,74,241,1900,ICZN,established,,
461,461,Triscaedecia sulawesi,"Ustjuzhanin, Kovtunovich & Hobern, 2019",species,,Triscaedecia,sulawesi,,100,374-376,2019,ICZN,established,,
462,462,Triscaedecia suva,"Ustjuzhanin, Kovtunovich & Hobern, 2019",species,,Triscaedecia,suva,,100,379-382,2019,ICZN,established,,
463,463,Triscaedecia svetlanae,"Ustjuzhanin, Kovtunovich & Hobern, 2019",species,,Triscaedecia,svetlanae,,100,378-379,2019,ICZN,established,,
465,465,Alucita montana,"Zagulajev, 1993",species,,Alucita,montana,,,,,ICZN,established,,
466,466,Hofmannia,"Pagenstecher, 1900",genus,Hofmannia,,,,74,,1900,ICZN,established,,
467,467,Hofmannia,"Wocke, 1876",genus,Hofmannia,,,,117,644,1876,ICZN,established,,
