ID,parentID,nameID,scrutinizer,scrutinizerDate,provisional,referenceID,extinct,temporalRangeEnd,lifezone,kingdom,phylum,class,order,superfamily,family,subfamily,tribe,genus,uninomial,species,remarks
1,,1,"Gielis, C. & Hobern, D.",2020-07-16,false,,false,Holocene,,,,,,,,,,,Animalia,,
2,1,2,"Gielis, C. & Hobern, D.",2020-07-16,false,,false,Holocene,,Animalia,,,,,,,,,Arthropoda,,
3,2,3,"Gielis, C. & Hobern, D.",2020-07-16,false,,false,Holocene,,Animalia,Arthropoda,,,,,,,,Insecta,,
4,3,4,"Gielis, C. & Hobern, D.",2020-07-16,false,,false,Holocene,,Animalia,Arthropoda,Insecta,,,,,,,Lepidoptera,,
5,4,5,"Gielis, C. & Hobern, D.",2020-07-17,false,,false,Holocene,terrestrial,Animalia,Arthropoda,Insecta,Lepidoptera,,,,,,Alucitoidea,,
6,5,6,"Gielis, C. & Hobern, D.",2020-07-17,false,,false,Holocene,terrestrial,Animalia,Arthropoda,Insecta,Lepidoptera,Alucitoidea,,,,,Alucitidae,,
9,6,9,"Gielis, C. & Hobern, D.",2020-07-17,false,,false,Holocene,terrestrial,Animalia,Arthropoda,Insecta,Lepidoptera,Alucitoidea,Alucitidae,,,,Alinguata,,
10,9,10,"Gielis, C. & Hobern, D.",2020-07-17,false,,false,Holocene,terrestrial,Animalia,Arthropoda,Insecta,Lepidoptera,Alucitoidea,Alucitidae,,,Alinguata,,Alinguata neblina,
11,6,11,"Gielis, C. & Hobern, D.",2020-07-17,false,,false,Holocene,terrestrial,Animalia,Arthropoda,Insecta,Lepidoptera,Alucitoidea,Alucitidae,,,,Alucita,,
16,11,16,"Gielis, C. & Hobern, D.",2020-07-17,false,,false,Holocene,terrestrial,Animalia,Arthropoda,Insecta,Lepidoptera,Alucitoidea,Alucitidae,,,Alucita,,Alucita aarviki,
17,11,17,"Gielis, C. & Hobern, D.",2020-07-17,false,,false,Holocene,terrestrial,Animalia,Arthropoda,Insecta,Lepidoptera,Alucitoidea,Alucitidae,,,Alucita,,Alucita abenahoensis,
18,11,18,"Gielis, C. & Hobern, D.",2020-10-30,false,,false,Holocene,terrestrial,Animalia,Arthropoda,Insecta,Lepidoptera,Alucitoidea,Alucitidae,,,Alucita,,Alucita acalles,
20,11,20,"Gielis, C. & Hobern, D.",2020-07-17,false,,false,Holocene,terrestrial,Animalia,Arthropoda,Insecta,Lepidoptera,Alucitoidea,Alucitidae,,,Alucita,,Alucita acalyptra,
22,11,22,"Gielis, C. & Hobern, D.",2020-07-17,false,,false,Holocene,terrestrial,Animalia,Arthropoda,Insecta,Lepidoptera,Alucitoidea,Alucitidae,,,Alucita,,Alucita acascaea,
24,11,24,"Gielis, C. & Hobern, D.",2020-07-17,false,,false,Holocene,terrestrial,Animalia,Arthropoda,Insecta,Lepidoptera,Alucitoidea,Alucitidae,,,Alucita,,Alucita acutata,
25,11,25,"Gielis, C. & Hobern, D.",2020-07-17,false,,false,Holocene,terrestrial,Animalia,Arthropoda,Insecta,Lepidoptera,Alucitoidea,Alucitidae,,,Alucita,,Alucita adriendenisi,
26,11,26,"Gielis, C. & Hobern, D.",2020-07-17,false,,false,Holocene,terrestrial,Animalia,Arthropoda,Insecta,Lepidoptera,Alucitoidea,Alucitidae,,,Alucita,,Alucita adzharica,
27,11,27,"Gielis, C. & Hobern, D.",2020-07-17,false,,false,Holocene,terrestrial,Animalia,Arthropoda,Insecta,Lepidoptera,Alucitoidea,Alucitidae,,,Alucita,,Alucita agapeta,
29,11,29,"Gielis, C. & Hobern, D.",2020-07-17,false,,false,Holocene,terrestrial,Animalia,Arthropoda,Insecta,Lepidoptera,Alucitoidea,Alucitidae,,,Alucita,,Alucita agassizi,
30,11,30,"Gielis, C. & Hobern, D.",2020-07-17,false,,false,Holocene,terrestrial,Animalia,Arthropoda,Insecta,Lepidoptera,Alucitoidea,Alucitidae,,,Alucita,,Alucita amalopis,
32,11,32,"Gielis, C. & Hobern, D.",2020-07-17,false,,false,Holocene,terrestrial,Animalia,Arthropoda,Insecta,Lepidoptera,Alucitoidea,Alucitidae,,,Alucita,,Alucita ancalopa,
34,11,34,"Gielis, C. & Hobern, D.",2020-07-17,false,,false,Holocene,terrestrial,Animalia,Arthropoda,Insecta,Lepidoptera,Alucitoidea,Alucitidae,,,Alucita,,Alucita anemolia,
36,11,36,"Gielis, C. & Hobern, D.",2020-07-17,false,,false,Holocene,terrestrial,Animalia,Arthropoda,Insecta,Lepidoptera,Alucitoidea,Alucitidae,,,Alucita,,Alucita anticoma,
38,11,38,"Gielis, C. & Hobern, D.",2020-07-17,false,,false,Holocene,terrestrial,Animalia,Arthropoda,Insecta,Lepidoptera,Alucitoidea,Alucitidae,,,Alucita,,Alucita aramsolkiensis,
39,11,39,"Gielis, C. & Hobern, D.",2020-07-17,false,,false,Holocene,terrestrial,Animalia,Arthropoda,Insecta,Lepidoptera,Alucitoidea,Alucitidae,,,Alucita,,Alucita argyrospodia,
41,11,41,"Gielis, C. & Hobern, D.",2020-07-17,false,,false,Holocene,terrestrial,Animalia,Arthropoda,Insecta,Lepidoptera,Alucitoidea,Alucitidae,,,Alucita,,Alucita arriguttii,
44,11,44,"Gielis, C. & Hobern, D.",2020-07-17,false,,false,Holocene,terrestrial,Animalia,Arthropoda,Insecta,Lepidoptera,Alucitoidea,Alucitidae,,,Alucita,,Alucita atomoclasta,
46,11,46,"Gielis, C. & Hobern, D.",2020-07-17,false,,false,Holocene,terrestrial,Animalia,Arthropoda,Insecta,Lepidoptera,Alucitoidea,Alucitidae,,,Alucita,,Alucita baihua,
48,11,48,"Gielis, C. & Hobern, D.",2020-07-17,false,,false,Holocene,terrestrial,Animalia,Arthropoda,Insecta,Lepidoptera,Alucitoidea,Alucitidae,,,Alucita,,Alucita bakingili,
49,11,49,"Gielis, C. & Hobern, D.",2020-07-17,false,,false,Holocene,terrestrial,Animalia,Arthropoda,Insecta,Lepidoptera,Alucitoidea,Alucitidae,,,Alucita,,Alucita bakweri,
50,11,50,"Gielis, C. & Hobern, D.",2020-07-17,false,,false,Holocene,terrestrial,Animalia,Arthropoda,Insecta,Lepidoptera,Alucitoidea,Alucitidae,,,Alucita,,Alucita baliochlora,
52,11,52,"Gielis, C. & Hobern, D.",2020-07-17,false,,false,Holocene,terrestrial,Animalia,Arthropoda,Insecta,Lepidoptera,Alucitoidea,Alucitidae,,,Alucita,,Alucita balioxantha,
54,11,54,"Gielis, C. & Hobern, D.",2020-07-17,false,,false,Holocene,terrestrial,Animalia,Arthropoda,Insecta,Lepidoptera,Alucitoidea,Alucitidae,,,Alucita,,Alucita beinongdai,
56,11,56,"Gielis, C. & Hobern, D.",2020-07-17,false,,false,Holocene,terrestrial,Animalia,Arthropoda,Insecta,Lepidoptera,Alucitoidea,Alucitidae,,,Alucita,,Alucita besongi,
57,11,57,"Gielis, C. & Hobern, D.",2020-07-17,false,,false,Holocene,terrestrial,Animalia,Arthropoda,Insecta,Lepidoptera,Alucitoidea,Alucitidae,,,Alucita,,Alucita bidentata,
58,11,58,"Gielis, C. & Hobern, D.",2020-07-17,false,,false,Holocene,terrestrial,Animalia,Arthropoda,Insecta,Lepidoptera,Alucitoidea,Alucitidae,,,Alucita,,Alucita bokwango,
59,11,59,"Gielis, C. & Hobern, D.",2020-07-17,false,,false,Holocene,terrestrial,Animalia,Arthropoda,Insecta,Lepidoptera,Alucitoidea,Alucitidae,,,Alucita,,Alucita brachyphimus,
65,11,65,"Gielis, C. & Hobern, D.",2020-07-17,false,,false,Holocene,terrestrial,Animalia,Arthropoda,Insecta,Lepidoptera,Alucitoidea,Alucitidae,,,Alucita,,Alucita bridarollii,
67,11,67,"Gielis, C. & Hobern, D.",2020-07-17,false,,false,Holocene,terrestrial,Animalia,Arthropoda,Insecta,Lepidoptera,Alucitoidea,Alucitidae,,,Alucita,,Alucita brunnea,
69,11,69,"Gielis, C. & Hobern, D.",2020-07-17,false,,false,Holocene,terrestrial,Animalia,Arthropoda,Insecta,Lepidoptera,Alucitoidea,Alucitidae,,,Alucita,,Alucita budashkini,
70,11,70,"Gielis, C. & Hobern, D.",2020-07-17,false,,false,Holocene,terrestrial,Animalia,Arthropoda,Insecta,Lepidoptera,Alucitoidea,Alucitidae,,,Alucita,,Alucita bulgaria,
71,11,71,"Gielis, C. & Hobern, D.",2020-07-17,false,,false,Holocene,terrestrial,Animalia,Arthropoda,Insecta,Lepidoptera,Alucitoidea,Alucitidae,,,Alucita,,Alucita butleri,
72,11,72,"Gielis, C. & Hobern, D.",2020-07-17,false,,false,Holocene,terrestrial,Animalia,Arthropoda,Insecta,Lepidoptera,Alucitoidea,Alucitidae,,,Alucita,,Alucita canariensis,
73,11,73,"Gielis, C. & Hobern, D.",2020-07-17,false,,false,Holocene,terrestrial,Animalia,Arthropoda,Insecta,Lepidoptera,Alucitoidea,Alucitidae,,,Alucita,,Alucita cancellata,
75,11,75,"Gielis, C. & Hobern, D.",2020-07-17,false,,false,Holocene,terrestrial,Animalia,Arthropoda,Insecta,Lepidoptera,Alucitoidea,Alucitidae,,,Alucita,,Alucita capensis,
76,11,76,"Gielis, C. & Hobern, D.",2020-07-17,false,,false,Holocene,terrestrial,Animalia,Arthropoda,Insecta,Lepidoptera,Alucitoidea,Alucitidae,,,Alucita,,Alucita certifica,
78,11,78,"Gielis, C. & Hobern, D.",2020-07-17,false,,false,Holocene,terrestrial,Animalia,Arthropoda,Insecta,Lepidoptera,Alucitoidea,Alucitidae,,,Alucita,,Alucita chloracta,
80,11,80,"Gielis, C. & Hobern, D.",2020-07-17,false,,false,Holocene,terrestrial,Animalia,Arthropoda,Insecta,Lepidoptera,Alucitoidea,Alucitidae,,,Alucita,,Alucita cinnerethella,
82,11,82,"Gielis, C. & Hobern, D.",2020-07-17,false,,false,Holocene,terrestrial,Animalia,Arthropoda,Insecta,Lepidoptera,Alucitoidea,Alucitidae,,,Alucita,,Alucita coffeina,
84,11,84,"Gielis, C. & Hobern, D.",2020-07-17,false,,false,Holocene,terrestrial,Animalia,Arthropoda,Insecta,Lepidoptera,Alucitoidea,Alucitidae,,,Alucita,,Alucita compsoxantha,
86,11,86,"Gielis, C. & Hobern, D.",2020-07-17,false,,false,Holocene,terrestrial,Animalia,Arthropoda,Insecta,Lepidoptera,Alucitoidea,Alucitidae,,,Alucita,,Alucita crococyma,
88,11,88,"Gielis, C. & Hobern, D.",2020-07-17,false,,false,Holocene,terrestrial,Animalia,Arthropoda,Insecta,Lepidoptera,Alucitoidea,Alucitidae,,,Alucita,,Alucita cyanophanes,
90,11,90,"Gielis, C. & Hobern, D.",2020-07-17,false,,false,Holocene,terrestrial,Animalia,Arthropoda,Insecta,Lepidoptera,Alucitoidea,Alucitidae,,,Alucita,,Alucita cymatodactyla,
92,11,92,"Gielis, C. & Hobern, D.",2020-07-17,false,,false,Holocene,terrestrial,Animalia,Arthropoda,Insecta,Lepidoptera,Alucitoidea,Alucitidae,,,Alucita,,Alucita cymographa,
94,11,94,"Gielis, C. & Hobern, D.",2020-10-30,false,,false,Holocene,terrestrial,Animalia,Arthropoda,Insecta,Lepidoptera,Alucitoidea,Alucitidae,,,Alucita,,Alucita danunciae,
95,11,95,"Gielis, C. & Hobern, D.",2020-07-17,false,,false,Holocene,terrestrial,Animalia,Arthropoda,Insecta,Lepidoptera,Alucitoidea,Alucitidae,,,Alucita,,Alucita debilella,
96,11,96,"Gielis, C. & Hobern, D.",2020-07-17,false,,false,Holocene,terrestrial,Animalia,Arthropoda,Insecta,Lepidoptera,Alucitoidea,Alucitidae,,,Alucita,,Alucita deboeri,
97,11,97,"Gielis, C. & Hobern, D.",2020-07-17,false,,false,Holocene,terrestrial,Animalia,Arthropoda,Insecta,Lepidoptera,Alucitoidea,Alucitidae,,,Alucita,,Alucita deja,
98,11,98,"Gielis, C. & Hobern, D.",2020-07-17,false,,false,Holocene,terrestrial,Animalia,Arthropoda,Insecta,Lepidoptera,Alucitoidea,Alucitidae,,,Alucita,,Alucita dejongi,
99,11,99,"Gielis, C. & Hobern, D.",2020-07-17,false,,false,Holocene,terrestrial,Animalia,Arthropoda,Insecta,Lepidoptera,Alucitoidea,Alucitidae,,,Alucita,,Alucita desmodactyla,
102,11,102,"Gielis, C. & Hobern, D.",2020-07-17,false,,false,Holocene,terrestrial,Animalia,Arthropoda,Insecta,Lepidoptera,Alucitoidea,Alucitidae,,,Alucita,,Alucita devosi,
103,11,103,"Gielis, C. & Hobern, D.",2020-07-17,false,,false,Holocene,terrestrial,Animalia,Arthropoda,Insecta,Lepidoptera,Alucitoidea,Alucitidae,,,Alucita,,Alucita dohertyi,
107,11,107,"Gielis, C. & Hobern, D.",2020-07-17,false,,false,Holocene,terrestrial,Animalia,Arthropoda,Insecta,Lepidoptera,Alucitoidea,Alucitidae,,,Alucita,,Alucita ectomesa,
112,11,112,"Gielis, C. & Hobern, D.",2020-07-17,false,,false,Holocene,terrestrial,Animalia,Arthropoda,Insecta,Lepidoptera,Alucitoidea,Alucitidae,,,Alucita,,Alucita entoprocta,
114,11,114,"Gielis, C. & Hobern, D.",2020-07-17,false,,false,Holocene,terrestrial,Animalia,Arthropoda,Insecta,Lepidoptera,Alucitoidea,Alucitidae,,,Alucita,,Alucita escobari,
115,11,115,"Gielis, C. & Hobern, D.",2020-07-17,false,,false,Holocene,terrestrial,Animalia,Arthropoda,Insecta,Lepidoptera,Alucitoidea,Alucitidae,,,Alucita,,Alucita eteoxantha,
117,11,117,"Gielis, C. & Hobern, D.",2020-07-17,false,,false,Holocene,terrestrial,Animalia,Arthropoda,Insecta,Lepidoptera,Alucitoidea,Alucitidae,,,Alucita,,Alucita eudactyla,
118,11,118,"Gielis, C. & Hobern, D.",2020-07-17,false,,false,Holocene,terrestrial,Animalia,Arthropoda,Insecta,Lepidoptera,Alucitoidea,Alucitidae,,,Alucita,,Alucita eudasys,
120,11,120,"Gielis, C. & Hobern, D.",2020-07-17,false,,false,Holocene,terrestrial,Animalia,Arthropoda,Insecta,Lepidoptera,Alucitoidea,Alucitidae,,,Alucita,,Alucita eurynephela,
124,11,124,"Gielis, C. & Hobern, D.",2020-07-17,false,,false,Holocene,terrestrial,Animalia,Arthropoda,Insecta,Lepidoptera,Alucitoidea,Alucitidae,,,Alucita,,Alucita euscripta,
125,11,125,"Gielis, C. & Hobern, D.",2020-07-17,false,,false,Holocene,terrestrial,Animalia,Arthropoda,Insecta,Lepidoptera,Alucitoidea,Alucitidae,,,Alucita,,Alucita ferruginea,
126,11,126,"Gielis, C. & Hobern, D.",2020-10-30,false,,false,Holocene,terrestrial,Animalia,Arthropoda,Insecta,Lepidoptera,Alucitoidea,Alucitidae,,,Alucita,,Alucita flavicincta,
128,11,128,"Gielis, C. & Hobern, D.",2020-07-17,false,,false,Holocene,terrestrial,Animalia,Arthropoda,Insecta,Lepidoptera,Alucitoidea,Alucitidae,,,Alucita,,Alucita flaviserta,
130,11,130,"Gielis, C. & Hobern, D.",2020-07-17,false,,false,Holocene,terrestrial,Animalia,Arthropoda,Insecta,Lepidoptera,Alucitoidea,Alucitidae,,,Alucita,,Alucita flavofascia,
132,11,132,"Gielis, C. & Hobern, D.",2020-07-17,false,,false,Holocene,terrestrial,Animalia,Arthropoda,Insecta,Lepidoptera,Alucitoidea,Alucitidae,,,Alucita,,Alucita fletcheriana,
134,11,134,"Gielis, C. & Hobern, D.",2020-07-17,false,,false,Holocene,terrestrial,Animalia,Arthropoda,Insecta,Lepidoptera,Alucitoidea,Alucitidae,,,Alucita,,Alucita fokami,
135,11,135,"Gielis, C. & Hobern, D.",2020-07-17,false,,false,Holocene,terrestrial,Animalia,Arthropoda,Insecta,Lepidoptera,Alucitoidea,Alucitidae,,,Alucita,,Alucita fumosa,
137,11,137,"Gielis, C. & Hobern, D.",2020-07-17,false,,false,Holocene,terrestrial,Animalia,Arthropoda,Insecta,Lepidoptera,Alucitoidea,Alucitidae,,,Alucita,,Alucita grammodactyla,
139,137,139,"Gielis, C. & Hobern, D.",2020-07-17,false,,false,Holocene,terrestrial,Animalia,Arthropoda,Insecta,Lepidoptera,Alucitoidea,Alucitidae,,,Alucita,,Alucita grammodactyla,
141,11,141,"Gielis, C. & Hobern, D.",2020-07-17,false,,false,Holocene,terrestrial,Animalia,Arthropoda,Insecta,Lepidoptera,Alucitoidea,Alucitidae,,,Alucita,,Alucita habrophila,
143,11,143,"Gielis, C. & Hobern, D.",2020-07-17,false,,false,Holocene,terrestrial,Animalia,Arthropoda,Insecta,Lepidoptera,Alucitoidea,Alucitidae,,,Alucita,,Alucita helena,
144,11,144,"Gielis, C. & Hobern, D.",2020-07-17,false,,false,Holocene,terrestrial,Animalia,Arthropoda,Insecta,Lepidoptera,Alucitoidea,Alucitidae,,,Alucita,,Alucita hemicyclus,
146,11,146,"Gielis, C. & Hobern, D.",2020-07-17,false,,false,Holocene,terrestrial,Animalia,Arthropoda,Insecta,Lepidoptera,Alucitoidea,Alucitidae,,,Alucita,,Alucita hexadactyla,
149,11,149,"Gielis, C. & Hobern, D.",2020-07-17,false,,false,Holocene,terrestrial,Animalia,Arthropoda,Insecta,Lepidoptera,Alucitoidea,Alucitidae,,,Alucita,,Alucita hofmanni,
151,11,151,"Gielis, C. & Hobern, D.",2020-07-17,false,,false,Holocene,terrestrial,Animalia,Arthropoda,Insecta,Lepidoptera,Alucitoidea,Alucitidae,,,Alucita,,Alucita homotrocha,
153,11,153,"Gielis, C. & Hobern, D.",2020-07-17,false,,false,Holocene,terrestrial,Animalia,Arthropoda,Insecta,Lepidoptera,Alucitoidea,Alucitidae,,,Alucita,,Alucita huebneri,
157,11,157,"Gielis, C. & Hobern, D.",2020-07-17,false,,false,Holocene,terrestrial,Animalia,Arthropoda,Insecta,Lepidoptera,Alucitoidea,Alucitidae,,,Alucita,,Alucita hypocosma,
159,11,159,"Gielis, C. & Hobern, D.",2020-07-17,false,,false,Holocene,terrestrial,Animalia,Arthropoda,Insecta,Lepidoptera,Alucitoidea,Alucitidae,,,Alucita,,Alucita iberica,
160,11,160,"Gielis, C. & Hobern, D.",2020-07-17,false,,false,Holocene,terrestrial,Animalia,Arthropoda,Insecta,Lepidoptera,Alucitoidea,Alucitidae,,,Alucita,,Alucita idiocrossa,
162,11,162,"Gielis, C. & Hobern, D.",2020-07-17,false,,false,Holocene,terrestrial,Animalia,Arthropoda,Insecta,Lepidoptera,Alucitoidea,Alucitidae,,,Alucita,,Alucita illuminatrix,
164,11,164,"Gielis, C. & Hobern, D.",2020-07-17,false,,false,Holocene,terrestrial,Animalia,Arthropoda,Insecta,Lepidoptera,Alucitoidea,Alucitidae,,,Alucita,,Alucita iranensis,
165,11,165,"Gielis, C. & Hobern, D.",2020-07-17,false,,false,Holocene,terrestrial,Animalia,Arthropoda,Insecta,Lepidoptera,Alucitoidea,Alucitidae,,,Alucita,,Alucita iringiensis,
166,11,166,"Gielis, C. & Hobern, D.",2020-07-17,false,,false,Holocene,terrestrial,Animalia,Arthropoda,Insecta,Lepidoptera,Alucitoidea,Alucitidae,,,Alucita,,Alucita ischalea,
168,11,168,"Gielis, C. & Hobern, D.",2020-07-17,false,,false,Holocene,terrestrial,Animalia,Arthropoda,Insecta,Lepidoptera,Alucitoidea,Alucitidae,,,Alucita,,Alucita ithycypha,
170,11,170,"Gielis, C. & Hobern, D.",2020-07-17,false,,false,Holocene,terrestrial,Animalia,Arthropoda,Insecta,Lepidoptera,Alucitoidea,Alucitidae,,,Alucita,,Alucita jana,
171,11,171,"Gielis, C. & Hobern, D.",2020-07-17,false,,false,Holocene,terrestrial,Animalia,Arthropoda,Insecta,Lepidoptera,Alucitoidea,Alucitidae,,,Alucita,,Alucita janeceki,
172,11,172,"Gielis, C. & Hobern, D.",2020-07-17,false,,false,Holocene,terrestrial,Animalia,Arthropoda,Insecta,Lepidoptera,Alucitoidea,Alucitidae,,,Alucita,,Alucita japonica,
174,11,174,"Gielis, C. & Hobern, D.",2020-07-17,false,,false,Holocene,terrestrial,Animalia,Arthropoda,Insecta,Lepidoptera,Alucitoidea,Alucitidae,,,Alucita,,Alucita jujuyensis,
176,11,176,"Gielis, C. & Hobern, D.",2020-07-17,false,,false,Holocene,terrestrial,Animalia,Arthropoda,Insecta,Lepidoptera,Alucitoidea,Alucitidae,,,Alucita,,Alucita karadagica,
177,11,177,"Gielis, C. & Hobern, D.",2020-07-17,false,,false,Holocene,terrestrial,Animalia,Arthropoda,Insecta,Lepidoptera,Alucitoidea,Alucitidae,,,Alucita,,Alucita kazachstanica,
178,11,178,"Gielis, C. & Hobern, D.",2020-07-17,false,,false,Holocene,terrestrial,Animalia,Arthropoda,Insecta,Lepidoptera,Alucitoidea,Alucitidae,,,Alucita,,Alucita klimeschi,
179,11,179,"Gielis, C. & Hobern, D.",2020-07-17,false,,false,Holocene,terrestrial,Animalia,Arthropoda,Insecta,Lepidoptera,Alucitoidea,Alucitidae,,,Alucita,,Alucita kosterini,
180,179,180,"Gielis, C. & Hobern, D.",2020-07-17,false,,false,Holocene,terrestrial,Animalia,Arthropoda,Insecta,Lepidoptera,Alucitoidea,Alucitidae,,,Alucita,,Alucita kosterini,
181,11,181,"Gielis, C. & Hobern, D.",2020-07-17,false,,false,Holocene,terrestrial,Animalia,Arthropoda,Insecta,Lepidoptera,Alucitoidea,Alucitidae,,,Alucita,,Alucita lackneri,
182,11,182,"Gielis, C. & Hobern, D.",2020-07-17,false,,false,Holocene,terrestrial,Animalia,Arthropoda,Insecta,Lepidoptera,Alucitoidea,Alucitidae,,,Alucita,,Alucita lalannei,
183,11,183,"Gielis, C. & Hobern, D.",2020-07-17,false,,false,Holocene,terrestrial,Animalia,Arthropoda,Insecta,Lepidoptera,Alucitoidea,Alucitidae,,,Alucita,,Alucita libraria,
185,11,185,"Gielis, C. & Hobern, D.",2020-07-17,false,,false,Holocene,terrestrial,Animalia,Arthropoda,Insecta,Lepidoptera,Alucitoidea,Alucitidae,,,Alucita,,Alucita lidiya,
186,11,186,"Gielis, C. & Hobern, D.",2020-07-17,false,,false,Holocene,terrestrial,Animalia,Arthropoda,Insecta,Lepidoptera,Alucitoidea,Alucitidae,,,Alucita,,Alucita longipalpella,
188,11,188,"Gielis, C. & Hobern, D.",2020-07-17,false,,false,Holocene,terrestrial,Animalia,Arthropoda,Insecta,Lepidoptera,Alucitoidea,Alucitidae,,,Alucita,,Alucita longipenis,
189,11,189,"Gielis, C. & Hobern, D.",2020-07-17,false,,false,Holocene,terrestrial,Animalia,Arthropoda,Insecta,Lepidoptera,Alucitoidea,Alucitidae,,,Alucita,,Alucita ludmila,
190,11,190,"Gielis, C. & Hobern, D.",2020-07-17,false,,false,Holocene,terrestrial,Animalia,Arthropoda,Insecta,Lepidoptera,Alucitoidea,Alucitidae,,,Alucita,,Alucita lyristis,
192,11,192,"Gielis, C. & Hobern, D.",2020-07-17,false,,false,Holocene,terrestrial,Animalia,Arthropoda,Insecta,Lepidoptera,Alucitoidea,Alucitidae,,,Alucita,,Alucita mabilabolensis,
193,11,193,"Gielis, C. & Hobern, D.",2020-07-17,false,,false,Holocene,terrestrial,Animalia,Arthropoda,Insecta,Lepidoptera,Alucitoidea,Alucitidae,,,Alucita,,Alucita magadis,
195,11,195,"Gielis, C. & Hobern, D.",2020-07-17,false,,false,Holocene,terrestrial,Animalia,Arthropoda,Insecta,Lepidoptera,Alucitoidea,Alucitidae,,,Alucita,,Alucita major,
197,11,197,"Gielis, C. & Hobern, D.",2020-07-17,false,,false,Holocene,terrestrial,Animalia,Arthropoda,Insecta,Lepidoptera,Alucitoidea,Alucitidae,,,Alucita,,Alucita malawica,
198,11,198,"Gielis, C. & Hobern, D.",2020-07-17,false,,false,Holocene,terrestrial,Animalia,Arthropoda,Insecta,Lepidoptera,Alucitoidea,Alucitidae,,,Alucita,,Alucita manneringi,
199,11,199,"Gielis, C. & Hobern, D.",2020-07-17,false,,false,Holocene,terrestrial,Animalia,Arthropoda,Insecta,Lepidoptera,Alucitoidea,Alucitidae,,,Alucita,,Alucita maxima,
201,11,201,"Gielis, C. & Hobern, D.",2020-07-17,false,,false,Holocene,terrestrial,Animalia,Arthropoda,Insecta,Lepidoptera,Alucitoidea,Alucitidae,,,Alucita,,Alucita melanodactyla,
202,11,202,"Gielis, C. & Hobern, D.",2020-07-17,false,,false,Holocene,terrestrial,Animalia,Arthropoda,Insecta,Lepidoptera,Alucitoidea,Alucitidae,,,Alucita,,Alucita meloui,
203,11,203,"Gielis, C. & Hobern, D.",2020-07-17,false,,false,Holocene,terrestrial,Animalia,Arthropoda,Insecta,Lepidoptera,Alucitoidea,Alucitidae,,,Alucita,,Alucita mesolychna,
205,11,205,"Gielis, C. & Hobern, D.",2020-07-17,false,,false,Holocene,terrestrial,Animalia,Arthropoda,Insecta,Lepidoptera,Alucitoidea,Alucitidae,,,Alucita,,Alucita microdesma,
207,11,207,"Gielis, C. & Hobern, D.",2020-07-17,false,,false,Holocene,terrestrial,Animalia,Arthropoda,Insecta,Lepidoptera,Alucitoidea,Alucitidae,,,Alucita,,Alucita micrographa,
209,11,209,"Gielis, C. & Hobern, D.",2020-07-17,false,,false,Holocene,terrestrial,Animalia,Arthropoda,Insecta,Lepidoptera,Alucitoidea,Alucitidae,,,Alucita,,Alucita microscopica,
211,11,211,"Gielis, C. & Hobern, D.",2020-07-17,false,,false,Holocene,terrestrial,Animalia,Arthropoda,Insecta,Lepidoptera,Alucitoidea,Alucitidae,,,Alucita,,Alucita mischenini,
212,11,212,"Gielis, C. & Hobern, D.",2020-07-17,false,,false,Holocene,terrestrial,Animalia,Arthropoda,Insecta,Lepidoptera,Alucitoidea,Alucitidae,,,Alucita,,Alucita molliflua,
214,11,214,"Gielis, C. & Hobern, D.",2020-07-17,false,,false,Holocene,terrestrial,Animalia,Arthropoda,Insecta,Lepidoptera,Alucitoidea,Alucitidae,,,Alucita,,Alucita montana,
216,11,216,"Gielis, C. & Hobern, D.",2020-07-17,false,,false,Holocene,terrestrial,Animalia,Arthropoda,Insecta,Lepidoptera,Alucitoidea,Alucitidae,,,Alucita,,Alucita montigena,
218,11,218,"Gielis, C. & Hobern, D.",2020-07-17,false,,false,Holocene,terrestrial,Animalia,Arthropoda,Insecta,Lepidoptera,Alucitoidea,Alucitidae,,,Alucita,,Alucita mulciber,
220,11,220,"Gielis, C. & Hobern, D.",2020-07-17,false,,false,Holocene,terrestrial,Animalia,Arthropoda,Insecta,Lepidoptera,Alucitoidea,Alucitidae,,,Alucita,,Alucita murphy,
221,11,221,"Gielis, C. & Hobern, D.",2020-07-17,false,,false,Holocene,terrestrial,Animalia,Arthropoda,Insecta,Lepidoptera,Alucitoidea,Alucitidae,,,Alucita,,Alucita murzini,
222,11,222,"Gielis, C. & Hobern, D.",2020-07-17,false,,false,Holocene,terrestrial,Animalia,Arthropoda,Insecta,Lepidoptera,Alucitoidea,Alucitidae,,,Alucita,,Alucita nannodactyla,
223,11,223,"Gielis, C. & Hobern, D.",2020-10-30,false,,false,Holocene,terrestrial,Animalia,Arthropoda,Insecta,Lepidoptera,Alucitoidea,Alucitidae,,,Alucita,,Alucita nasuta,
224,11,224,"Gielis, C. & Hobern, D.",2020-07-17,false,,false,Holocene,terrestrial,Animalia,Arthropoda,Insecta,Lepidoptera,Alucitoidea,Alucitidae,,,Alucita,,Alucita nephelotoxa,
226,11,226,"Gielis, C. & Hobern, D.",2020-07-17,false,,false,Holocene,terrestrial,Animalia,Arthropoda,Insecta,Lepidoptera,Alucitoidea,Alucitidae,,,Alucita,,Alucita niphadosema,
230,11,230,"Gielis, C. & Hobern, D.",2020-07-17,false,,false,Holocene,terrestrial,Animalia,Arthropoda,Insecta,Lepidoptera,Alucitoidea,Alucitidae,,,Alucita,,Alucita niphostrota,
232,11,232,"Gielis, C. & Hobern, D.",2020-07-17,false,,false,Holocene,terrestrial,Animalia,Arthropoda,Insecta,Lepidoptera,Alucitoidea,Alucitidae,,,Alucita,,Alucita nipsana,
233,11,233,"Gielis, C. & Hobern, D.",2020-07-17,false,,false,Holocene,terrestrial,Animalia,Arthropoda,Insecta,Lepidoptera,Alucitoidea,Alucitidae,,,Alucita,,Alucita nubifera,
235,11,235,"Gielis, C. & Hobern, D.",2020-07-17,false,,false,Holocene,terrestrial,Animalia,Arthropoda,Insecta,Lepidoptera,Alucitoidea,Alucitidae,,,Alucita,,Alucita nyasa,
236,11,236,"Gielis, C. & Hobern, D.",2020-07-17,false,,false,Holocene,terrestrial,Animalia,Arthropoda,Insecta,Lepidoptera,Alucitoidea,Alucitidae,,,Alucita,,Alucita objurgatella,
240,11,240,"Gielis, C. & Hobern, D.",2020-07-17,false,,false,Holocene,terrestrial,Animalia,Arthropoda,Insecta,Lepidoptera,Alucitoidea,Alucitidae,,,Alucita,,Alucita ochraspis,
243,11,243,"Gielis, C. & Hobern, D.",2020-07-17,false,,false,Holocene,terrestrial,Animalia,Arthropoda,Insecta,Lepidoptera,Alucitoidea,Alucitidae,,,Alucita,,Alucita ochriprota,
245,11,245,"Gielis, C. & Hobern, D.",2020-07-17,false,,false,Holocene,terrestrial,Animalia,Arthropoda,Insecta,Lepidoptera,Alucitoidea,Alucitidae,,,Alucita,,Alucita ochrobasalis,
246,11,246,"Gielis, C. & Hobern, D.",2020-07-17,false,,false,Holocene,terrestrial,Animalia,Arthropoda,Insecta,Lepidoptera,Alucitoidea,Alucitidae,,,Alucita,,Alucita ochrozona,
248,11,248,"Gielis, C. & Hobern, D.",2020-07-17,false,,false,Holocene,terrestrial,Animalia,Arthropoda,Insecta,Lepidoptera,Alucitoidea,Alucitidae,,,Alucita,,Alucita olga,
249,11,249,"Gielis, C. & Hobern, D.",2020-07-17,false,,false,Holocene,terrestrial,Animalia,Arthropoda,Insecta,Lepidoptera,Alucitoidea,Alucitidae,,,Alucita,,Alucita ordubadi,
250,11,250,"Gielis, C. & Hobern, D.",2020-07-17,false,,false,Holocene,terrestrial,Animalia,Arthropoda,Insecta,Lepidoptera,Alucitoidea,Alucitidae,,,Alucita,,Alucita palodactyla,
256,11,256,"Gielis, C. & Hobern, D.",2020-07-17,false,,false,Holocene,terrestrial,Animalia,Arthropoda,Insecta,Lepidoptera,Alucitoidea,Alucitidae,,,Alucita,,Alucita panduris,
258,11,258,"Gielis, C. & Hobern, D.",2020-10-30,false,,false,Holocene,terrestrial,Animalia,Arthropoda,Insecta,Lepidoptera,Alucitoidea,Alucitidae,,,Alucita,,Alucita panolbia,
260,11,260,"Gielis, C. & Hobern, D.",2020-07-17,false,,false,Holocene,terrestrial,Animalia,Arthropoda,Insecta,Lepidoptera,Alucitoidea,Alucitidae,,,Alucita,,Alucita papuaensis,
263,11,263,"Gielis, C. & Hobern, D.",2020-07-17,false,,false,Holocene,terrestrial,Animalia,Arthropoda,Insecta,Lepidoptera,Alucitoidea,Alucitidae,,,Alucita,,Alucita patria,
265,11,265,"Gielis, C. & Hobern, D.",2020-07-17,false,,false,Holocene,terrestrial,Animalia,Arthropoda,Insecta,Lepidoptera,Alucitoidea,Alucitidae,,,Alucita,,Alucita pectinata,
266,11,266,"Gielis, C. & Hobern, D.",2020-07-17,false,,false,Holocene,terrestrial,Animalia,Arthropoda,Insecta,Lepidoptera,Alucitoidea,Alucitidae,,,Alucita,,Alucita pepperella,
267,11,267,"Gielis, C. & Hobern, D.",2020-07-17,false,,false,Holocene,terrestrial,Animalia,Arthropoda,Insecta,Lepidoptera,Alucitoidea,Alucitidae,,,Alucita,,Alucita phanerarcha,
269,11,269,"Gielis, C. & Hobern, D.",2020-07-17,false,,false,Holocene,terrestrial,Animalia,Arthropoda,Insecta,Lepidoptera,Alucitoidea,Alucitidae,,,Alucita,,Alucita philomela,
271,11,271,"Gielis, C. & Hobern, D.",2020-07-17,false,,false,Holocene,terrestrial,Animalia,Arthropoda,Insecta,Lepidoptera,Alucitoidea,Alucitidae,,,Alucita,,Alucita photaula,
273,11,273,"Gielis, C. & Hobern, D.",2020-07-17,false,,false,Holocene,terrestrial,Animalia,Arthropoda,Insecta,Lepidoptera,Alucitoidea,Alucitidae,,,Alucita,,Alucita phricodes,
274,11,274,"Gielis, C. & Hobern, D.",2020-07-17,false,,false,Holocene,terrestrial,Animalia,Arthropoda,Insecta,Lepidoptera,Alucitoidea,Alucitidae,,,Alucita,,Alucita pinalea,
276,11,276,"Gielis, C. & Hobern, D.",2020-07-17,false,,false,Holocene,terrestrial,Animalia,Arthropoda,Insecta,Lepidoptera,Alucitoidea,Alucitidae,,,Alucita,,Alucita pliginskii,
277,11,277,"Gielis, C. & Hobern, D.",2020-07-17,false,,false,Holocene,terrestrial,Animalia,Arthropoda,Insecta,Lepidoptera,Alucitoidea,Alucitidae,,,Alucita,,Alucita plumigera,
279,11,279,"Gielis, C. & Hobern, D.",2020-07-17,false,,false,Holocene,terrestrial,Animalia,Arthropoda,Insecta,Lepidoptera,Alucitoidea,Alucitidae,,,Alucita,,Alucita pluvialis,
281,11,281,"Gielis, C. & Hobern, D.",2020-07-17,false,,false,Holocene,terrestrial,Animalia,Arthropoda,Insecta,Lepidoptera,Alucitoidea,Alucitidae,,,Alucita,,Alucita postfasciata,
283,11,283,"Gielis, C. & Hobern, D.",2020-07-17,false,,false,Holocene,terrestrial,Animalia,Arthropoda,Insecta,Lepidoptera,Alucitoidea,Alucitidae,,,Alucita,,Alucita proseni,
285,11,285,"Gielis, C. & Hobern, D.",2020-07-17,false,,false,Holocene,terrestrial,Animalia,Arthropoda,Insecta,Lepidoptera,Alucitoidea,Alucitidae,,,Alucita,,Alucita pselioxantha,
287,11,287,"Gielis, C. & Hobern, D.",2020-07-17,false,,false,Holocene,terrestrial,Animalia,Arthropoda,Insecta,Lepidoptera,Alucitoidea,Alucitidae,,,Alucita,,Alucita pseudohuebneri,
288,11,288,"Gielis, C. & Hobern, D.",2020-07-17,false,,false,Holocene,terrestrial,Animalia,Arthropoda,Insecta,Lepidoptera,Alucitoidea,Alucitidae,,,Alucita,,Alucita pterochroma,
290,11,290,"Gielis, C. & Hobern, D.",2020-10-30,false,,false,Holocene,terrestrial,Animalia,Arthropoda,Insecta,Lepidoptera,Alucitoidea,Alucitidae,,,Alucita,,Alucita punctiferella,
291,11,291,"Gielis, C. & Hobern, D.",2020-07-17,false,,false,Holocene,terrestrial,Animalia,Arthropoda,Insecta,Lepidoptera,Alucitoidea,Alucitidae,,,Alucita,,Alucita pusilla,
292,11,292,"Gielis, C. & Hobern, D.",2020-07-17,false,,false,Holocene,terrestrial,Animalia,Arthropoda,Insecta,Lepidoptera,Alucitoidea,Alucitidae,,,Alucita,,Alucita pygmaea,
293,11,293,"Gielis, C. & Hobern, D.",2020-07-17,false,,false,Holocene,terrestrial,Animalia,Arthropoda,Insecta,Lepidoptera,Alucitoidea,Alucitidae,,,Alucita,,Alucita rhaptica,
295,11,295,"Gielis, C. & Hobern, D.",2020-07-17,false,,false,Holocene,terrestrial,Animalia,Arthropoda,Insecta,Lepidoptera,Alucitoidea,Alucitidae,,,Alucita,,Alucita rhymotoma,
297,11,297,"Gielis, C. & Hobern, D.",2020-07-17,false,,false,Holocene,terrestrial,Animalia,Arthropoda,Insecta,Lepidoptera,Alucitoidea,Alucitidae,,,Alucita,,Alucita riggii,
299,11,299,"Gielis, C. & Hobern, D.",2020-07-17,false,,false,Holocene,terrestrial,Animalia,Arthropoda,Insecta,Lepidoptera,Alucitoidea,Alucitidae,,,Alucita,,Alucita ruens,
301,11,301,"Gielis, C. & Hobern, D.",2020-07-17,false,,false,Holocene,terrestrial,Animalia,Arthropoda,Insecta,Lepidoptera,Alucitoidea,Alucitidae,,,Alucita,,Alucita rutteni,
302,11,302,"Gielis, C. & Hobern, D.",2020-07-17,false,,false,Holocene,terrestrial,Animalia,Arthropoda,Insecta,Lepidoptera,Alucitoidea,Alucitidae,,,Alucita,,Alucita sailtavica,
303,11,303,"Gielis, C. & Hobern, D.",2020-07-17,false,,false,Holocene,terrestrial,Animalia,Arthropoda,Insecta,Lepidoptera,Alucitoidea,Alucitidae,,,Alucita,,Alucita semophantis,
305,11,305,"Gielis, C. & Hobern, D.",2020-07-17,false,,false,Holocene,terrestrial,Animalia,Arthropoda,Insecta,Lepidoptera,Alucitoidea,Alucitidae,,,Alucita,,Alucita sertifera,
307,11,307,"Gielis, C. & Hobern, D.",2020-07-17,false,,false,Holocene,terrestrial,Animalia,Arthropoda,Insecta,Lepidoptera,Alucitoidea,Alucitidae,,,Alucita,,Alucita seychellensis,
317,11,317,"Gielis, C. & Hobern, D.",2020-07-17,false,,false,Holocene,terrestrial,Animalia,Arthropoda,Insecta,Lepidoptera,Alucitoidea,Alucitidae,,,Alucita,,Alucita sikkima,
318,11,318,"Gielis, C. & Hobern, D.",2020-07-17,false,,false,Holocene,terrestrial,Animalia,Arthropoda,Insecta,Lepidoptera,Alucitoidea,Alucitidae,,,Alucita,,Alucita snezhinka,
319,11,319,"Gielis, C. & Hobern, D.",2020-07-17,false,,false,Holocene,terrestrial,Animalia,Arthropoda,Insecta,Lepidoptera,Alucitoidea,Alucitidae,,,Alucita,,Alucita sochivkoi,
320,11,320,"Gielis, C. & Hobern, D.",2020-07-17,false,,false,Holocene,terrestrial,Animalia,Arthropoda,Insecta,Lepidoptera,Alucitoidea,Alucitidae,,,Alucita,,Alucita spicifera,
324,11,324,"Gielis, C. & Hobern, D.",2020-07-17,false,,false,Holocene,terrestrial,Animalia,Arthropoda,Insecta,Lepidoptera,Alucitoidea,Alucitidae,,,<Unknown genus>,,Alucita stephanopis,
326,11,326,"Gielis, C. & Hobern, D.",2020-07-17,false,,false,Holocene,terrestrial,Animalia,Arthropoda,Insecta,Lepidoptera,Alucitoidea,Alucitidae,,,Alucita,,Alucita straminea,
327,11,327,"Gielis, C. & Hobern, D.",2020-07-17,false,,false,Holocene,terrestrial,Animalia,Arthropoda,Insecta,Lepidoptera,Alucitoidea,Alucitidae,,,Alucita,,Alucita sycophanta,
330,11,330,"Gielis, C. & Hobern, D.",2020-07-17,false,,false,Holocene,terrestrial,Animalia,Arthropoda,Insecta,Lepidoptera,Alucitoidea,Alucitidae,,,Alucita,,Alucita tandilensis,
332,11,332,"Gielis, C. & Hobern, D.",2020-07-17,false,,false,Holocene,terrestrial,Animalia,Arthropoda,Insecta,Lepidoptera,Alucitoidea,Alucitidae,,,Alucita,,Alucita tanzanica,
333,11,333,"Gielis, C. & Hobern, D.",2020-07-17,false,,false,Holocene,terrestrial,Animalia,Arthropoda,Insecta,Lepidoptera,Alucitoidea,Alucitidae,,,Alucita,,Alucita tatjana,
334,11,334,"Gielis, C. & Hobern, D.",2020-07-17,false,,false,Holocene,terrestrial,Animalia,Arthropoda,Insecta,Lepidoptera,Alucitoidea,Alucitidae,,,Alucita,,Alucita tesserata,
338,11,338,"Gielis, C. & Hobern, D.",2020-07-17,false,,false,Holocene,terrestrial,Animalia,Arthropoda,Insecta,Lepidoptera,Alucitoidea,Alucitidae,,,Alucita,,Alucita thapsina,
340,11,340,"Gielis, C. & Hobern, D.",2020-07-17,false,,false,Holocene,terrestrial,Animalia,Arthropoda,Insecta,Lepidoptera,Alucitoidea,Alucitidae,,,Alucita,,Alucita toxophila,
342,11,342,"Gielis, C. & Hobern, D.",2020-07-17,false,,false,Holocene,terrestrial,Animalia,Arthropoda,Insecta,Lepidoptera,Alucitoidea,Alucitidae,,,Alucita,,Alucita trachydesma,
344,11,344,"Gielis, C. & Hobern, D.",2020-07-17,false,,false,Holocene,terrestrial,Animalia,Arthropoda,Insecta,Lepidoptera,Alucitoidea,Alucitidae,,,Alucita,,Alucita trachyptera,
346,11,346,"Gielis, C. & Hobern, D.",2020-07-17,false,,false,Holocene,terrestrial,Animalia,Arthropoda,Insecta,Lepidoptera,Alucitoidea,Alucitidae,,,Alucita,,Alucita tricausta,
349,11,349,"Gielis, C. & Hobern, D.",2020-07-17,false,,false,Holocene,terrestrial,Animalia,Arthropoda,Insecta,Lepidoptera,Alucitoidea,Alucitidae,,,Alucita,,Alucita tridentata,
350,11,350,"Gielis, C. & Hobern, D.",2020-07-17,false,,false,Holocene,terrestrial,Animalia,Arthropoda,Insecta,Lepidoptera,Alucitoidea,Alucitidae,,,Alucita,,Alucita ussurica,
351,11,351,"Gielis, C. & Hobern, D.",2020-07-17,false,,false,Holocene,terrestrial,Animalia,Arthropoda,Insecta,Lepidoptera,Alucitoidea,Alucitidae,,,Alucita,,Alucita vanmastrigti,
352,11,352,"Gielis, C. & Hobern, D.",2020-07-17,false,,false,Holocene,terrestrial,Animalia,Arthropoda,Insecta,Lepidoptera,Alucitoidea,Alucitidae,,,Alucita,,Alucita walmakensis,
354,11,354,"Gielis, C. & Hobern, D.",2020-07-17,false,,false,Holocene,terrestrial,Animalia,Arthropoda,Insecta,Lepidoptera,Alucitoidea,Alucitidae,,,Alucita,,Alucita wamenaensis,
355,11,355,"Gielis, C. & Hobern, D.",2020-07-17,false,,false,Holocene,terrestrial,Animalia,Arthropoda,Insecta,Lepidoptera,Alucitoidea,Alucitidae,,,Alucita,,Alucita withaari,
356,11,356,"Gielis, C. & Hobern, D.",2020-07-17,false,,false,Holocene,terrestrial,Animalia,Arthropoda,Insecta,Lepidoptera,Alucitoidea,Alucitidae,,,Alucita,,Alucita xanthodes,
357,11,357,"Gielis, C. & Hobern, D.",2020-07-17,false,,false,Holocene,terrestrial,Animalia,Arthropoda,Insecta,Lepidoptera,Alucitoidea,Alucitidae,,,Alucita,,Alucita xanthosticta,
359,11,359,"Gielis, C. & Hobern, D.",2020-07-17,false,,false,Holocene,terrestrial,Animalia,Arthropoda,Insecta,Lepidoptera,Alucitoidea,Alucitidae,,,Alucita,,Alucita xanthozona,
361,11,361,"Gielis, C. & Hobern, D.",2020-07-17,false,,false,Holocene,terrestrial,Animalia,Arthropoda,Insecta,Lepidoptera,Alucitoidea,Alucitidae,,,Alucita,,Alucita xanthozona,
364,11,364,"Gielis, C. & Hobern, D.",2020-07-17,false,,false,Holocene,terrestrial,Animalia,Arthropoda,Insecta,Lepidoptera,Alucitoidea,Alucitidae,,,Alucita,,Alucita zinovievi,
365,11,365,"Gielis, C. & Hobern, D.",2020-07-17,false,,false,Holocene,terrestrial,Animalia,Arthropoda,Insecta,Lepidoptera,Alucitoidea,Alucitidae,,,Alucita,,Alucita zonodactyla,
366,11,366,"Gielis, C. & Hobern, D.",2020-07-17,false,,false,Holocene,terrestrial,Animalia,Arthropoda,Insecta,Lepidoptera,Alucitoidea,Alucitidae,,,Alucita,,Alucita zumkehri,
367,11,367,"Gielis, C. & Hobern, D.",2020-07-17,false,,false,Holocene,terrestrial,Animalia,Arthropoda,Insecta,Lepidoptera,Alucitoidea,Alucitidae,,,Alucita,,Alucita zuza,
368,11,368,"Gielis, C. & Hobern, D.",2020-07-17,false,,false,Holocene,terrestrial,Animalia,Arthropoda,Insecta,Lepidoptera,Alucitoidea,Alucitidae,,,Alucita,,Alucita zwieri,
369,6,369,"Gielis, C. & Hobern, D.",2020-07-17,false,,false,Holocene,terrestrial,Animalia,Arthropoda,Insecta,Lepidoptera,Alucitoidea,Alucitidae,,,,Anomima,,
370,369,370,"Gielis, C. & Hobern, D.",2020-07-17,false,,false,Holocene,terrestrial,Animalia,Arthropoda,Insecta,Lepidoptera,Alucitoidea,Alucitidae,,,Anomima,,Anomima phaeochroa,
371,6,371,"Gielis, C. & Hobern, D.",2020-07-17,false,,false,Holocene,terrestrial,Animalia,Arthropoda,Insecta,Lepidoptera,Alucitoidea,Alucitidae,,,,Cenoloba,,
372,371,372,"Gielis, C. & Hobern, D.",2020-07-17,false,,false,Holocene,terrestrial,Animalia,Arthropoda,Insecta,Lepidoptera,Alucitoidea,Alucitidae,,,Cenoloba,,Cenoloba argochalca,
373,371,373,"Gielis, C. & Hobern, D.",2020-07-17,false,,false,Holocene,terrestrial,Animalia,Arthropoda,Insecta,Lepidoptera,Alucitoidea,Alucitidae,,,Cenoloba,,Cenoloba cuprescens,
374,371,374,"Gielis, C. & Hobern, D.",2020-07-17,false,,false,Holocene,terrestrial,Animalia,Arthropoda,Insecta,Lepidoptera,Alucitoidea,Alucitidae,,,Cenoloba,,Cenoloba obliteralis,
376,371,376,"Gielis, C. & Hobern, D.",2020-07-17,false,,false,Holocene,terrestrial,Animalia,Arthropoda,Insecta,Lepidoptera,Alucitoidea,Alucitidae,,,Cenoloba,,Cenoloba taprobana,
377,6,377,"Gielis, C. & Hobern, D.",2020-07-17,false,,false,Holocene,terrestrial,Animalia,Arthropoda,Insecta,Lepidoptera,Alucitoidea,Alucitidae,,,,Epharpastis,,
378,377,378,"Gielis, C. & Hobern, D.",2020-07-17,false,,false,Holocene,terrestrial,Animalia,Arthropoda,Insecta,Lepidoptera,Alucitoidea,Alucitidae,,,Epharpastis,,Epharpastis daedala,
379,6,379,"Gielis, C. & Hobern, D.",2020-07-17,false,,false,Holocene,terrestrial,Animalia,Arthropoda,Insecta,Lepidoptera,Alucitoidea,Alucitidae,,,,Euthesaura,,
380,379,380,"Gielis, C. & Hobern, D.",2020-07-17,false,,false,Holocene,terrestrial,Animalia,Arthropoda,Insecta,Lepidoptera,Alucitoidea,Alucitidae,,,Euthesaura,,Euthesaura carbonaria,
381,379,381,"Gielis, C. & Hobern, D.",2020-07-17,false,,false,Holocene,terrestrial,Animalia,Arthropoda,Insecta,Lepidoptera,Alucitoidea,Alucitidae,,,Euthesaura,,Euthesaura glycina,
382,6,382,"Gielis, C. & Hobern, D.",2020-07-17,false,,false,Holocene,terrestrial,Animalia,Arthropoda,Insecta,Lepidoptera,Alucitoidea,Alucitidae,,,,Euthrausta,,
383,382,383,"Gielis, C. & Hobern, D.",2020-07-17,false,,false,Holocene,terrestrial,Animalia,Arthropoda,Insecta,Lepidoptera,Alucitoidea,Alucitidae,,,Euthrausta,,Euthrausta holophaea,
385,382,385,"Gielis, C. & Hobern, D.",2020-07-17,false,,false,Holocene,terrestrial,Animalia,Arthropoda,Insecta,Lepidoptera,Alucitoidea,Alucitidae,,,Euthrausta,,Euthrausta oxyprora,
387,382,387,"Gielis, C. & Hobern, D.",2020-07-17,false,,false,Holocene,terrestrial,Animalia,Arthropoda,Insecta,Lepidoptera,Alucitoidea,Alucitidae,,,Euthrausta,,Euthrausta phoenicea,
389,6,389,"Gielis, C. & Hobern, D.",2020-07-17,false,,false,Holocene,terrestrial,Animalia,Arthropoda,Insecta,Lepidoptera,Alucitoidea,Alucitidae,,,,Hebdomactis,,
390,389,390,"Gielis, C. & Hobern, D.",2020-07-17,false,,false,Holocene,terrestrial,Animalia,Arthropoda,Insecta,Lepidoptera,Alucitoidea,Alucitidae,,,Hebdomactis,,Hebdomactis crystallodes,
391,6,391,"Gielis, C. & Hobern, D.",2020-07-17,false,,false,Holocene,terrestrial,Animalia,Arthropoda,Insecta,Lepidoptera,Alucitoidea,Alucitidae,,,,Hexeretmis,,
392,391,392,"Gielis, C. & Hobern, D.",2020-07-17,false,,false,Holocene,terrestrial,Animalia,Arthropoda,Insecta,Lepidoptera,Alucitoidea,Alucitidae,,,Hexeretmis,,Hexeretmis argo,
393,391,393,"Gielis, C. & Hobern, D.",2020-07-17,false,,false,Holocene,terrestrial,Animalia,Arthropoda,Insecta,Lepidoptera,Alucitoidea,Alucitidae,,,Hexeretmis,,Hexeretmis pontopora,
394,391,394,"Gielis, C. & Hobern, D.",2020-07-17,false,,false,Holocene,terrestrial,Animalia,Arthropoda,Insecta,Lepidoptera,Alucitoidea,Alucitidae,,,Hexeretmis,,Hexeretmis willineri,
395,6,395,"Gielis, C. & Hobern, D.",2020-07-17,false,,false,Holocene,terrestrial,Animalia,Arthropoda,Insecta,Lepidoptera,Alucitoidea,Alucitidae,,,,Microschismus,,
397,395,397,"Gielis, C. & Hobern, D.",2020-07-17,false,,false,Holocene,terrestrial,Animalia,Arthropoda,Insecta,Lepidoptera,Alucitoidea,Alucitidae,,,Microschismus,,Microschismus antennatus,
401,395,401,"Gielis, C. & Hobern, D.",2020-07-17,false,,false,Holocene,terrestrial,Animalia,Arthropoda,Insecta,Lepidoptera,Alucitoidea,Alucitidae,,,Microschismus,,Microschismus cymatias,
402,395,402,"Gielis, C. & Hobern, D.",2020-07-17,false,,false,Holocene,terrestrial,Animalia,Arthropoda,Insecta,Lepidoptera,Alucitoidea,Alucitidae,,,Microschismus,,Microschismus fortis,
405,395,405,"Gielis, C. & Hobern, D.",2020-07-17,false,,false,Holocene,terrestrial,Animalia,Arthropoda,Insecta,Lepidoptera,Alucitoidea,Alucitidae,,,Microschismus,,Microschismus lenzi,
406,395,406,"Gielis, C. & Hobern, D.",2020-07-17,false,,false,Holocene,terrestrial,Animalia,Arthropoda,Insecta,Lepidoptera,Alucitoidea,Alucitidae,,,Microschismus,,Microschismus premnias,
407,395,407,"Gielis, C. & Hobern, D.",2020-07-17,false,,false,Holocene,terrestrial,Animalia,Arthropoda,Insecta,Lepidoptera,Alucitoidea,Alucitidae,,,Microschismus,,Microschismus reginus,
408,395,408,"Gielis, C. & Hobern, D.",2020-07-17,false,,false,Holocene,terrestrial,Animalia,Arthropoda,Insecta,Lepidoptera,Alucitoidea,Alucitidae,,,Microschismus,,Microschismus sceletias,
409,395,409,"Gielis, C. & Hobern, D.",2020-07-17,false,,false,Holocene,terrestrial,Animalia,Arthropoda,Insecta,Lepidoptera,Alucitoidea,Alucitidae,,,Microschismus,,Microschismus sterkfonteini,
410,6,410,"Gielis, C. & Hobern, D.",2020-07-17,false,,false,Holocene,terrestrial,Animalia,Arthropoda,Insecta,Lepidoptera,Alucitoidea,Alucitidae,,,,Neoxychirota,,
411,410,411,"Gielis, C. & Hobern, D.",2020-07-17,false,,false,Holocene,terrestrial,Animalia,Arthropoda,Insecta,Lepidoptera,Alucitoidea,Alucitidae,,,Neoxychirota,,Neoxychirota isolata,
412,6,412,"Gielis, C. & Hobern, D.",2020-07-17,false,,false,Holocene,terrestrial,Animalia,Arthropoda,Insecta,Lepidoptera,Alucitoidea,Alucitidae,,,,Oxychirota,,
413,412,413,"Gielis, C. & Hobern, D.",2020-07-17,false,,false,Holocene,terrestrial,Animalia,Arthropoda,Insecta,Lepidoptera,Alucitoidea,Alucitidae,,,Oxychirota,,Oxychirota ceylonica,
414,412,414,"Gielis, C. & Hobern, D.",2020-07-17,false,,false,Holocene,terrestrial,Animalia,Arthropoda,Insecta,Lepidoptera,Alucitoidea,Alucitidae,,,Oxychirota,,Oxychirota mesocola,
415,412,415,"Gielis, C. & Hobern, D.",2020-07-17,false,,false,Holocene,terrestrial,Animalia,Arthropoda,Insecta,Lepidoptera,Alucitoidea,Alucitidae,,,Oxychirota,,Oxychirota paradoxa,
416,6,416,"Gielis, C. & Hobern, D.",2020-07-17,false,,false,Holocene,terrestrial,Animalia,Arthropoda,Insecta,Lepidoptera,Alucitoidea,Alucitidae,,,,Paelia,,
417,416,417,"Gielis, C. & Hobern, D.",2020-07-17,false,,false,Holocene,terrestrial,Animalia,Arthropoda,Insecta,Lepidoptera,Alucitoidea,Alucitidae,,,Paelia,,Paelia lunuligera,
418,6,418,"Gielis, C. & Hobern, D.",2020-07-17,false,,false,Holocene,terrestrial,Animalia,Arthropoda,Insecta,Lepidoptera,Alucitoidea,Alucitidae,,,,Palaeodes,,
419,418,419,"Gielis, C. & Hobern, D.",2020-07-17,false,,false,Holocene,terrestrial,Animalia,Arthropoda,Insecta,Lepidoptera,Alucitoidea,Alucitidae,,,Palaeodes,,Palaeodes samealis,
420,6,420,"Gielis, C. & Hobern, D.",2020-07-17,false,,false,Holocene,terrestrial,Animalia,Arthropoda,Insecta,Lepidoptera,Alucitoidea,Alucitidae,,,,Prymnotomis,,
421,420,421,"Gielis, C. & Hobern, D.",2020-07-17,false,,false,Holocene,terrestrial,Animalia,Arthropoda,Insecta,Lepidoptera,Alucitoidea,Alucitidae,,,Prymnotomis,,Prymnotomis crypsicroca,
422,6,422,"Gielis, C. & Hobern, D.",2020-07-17,false,,false,Holocene,terrestrial,Animalia,Arthropoda,Insecta,Lepidoptera,Alucitoidea,Alucitidae,,,,Pterotopteryx,,
423,422,423,"Gielis, C. & Hobern, D.",2020-07-17,false,,false,Holocene,terrestrial,Animalia,Arthropoda,Insecta,Lepidoptera,Alucitoidea,Alucitidae,,,Pterotopteryx,,Pterotopteryx colchica,
424,422,424,"Gielis, C. & Hobern, D.",2020-07-17,false,,false,Holocene,terrestrial,Animalia,Arthropoda,Insecta,Lepidoptera,Alucitoidea,Alucitidae,,,Pterotopteryx,,Pterotopteryx dodecadactyla,
428,422,428,"Gielis, C. & Hobern, D.",2020-07-17,false,,false,Holocene,terrestrial,Animalia,Arthropoda,Insecta,Lepidoptera,Alucitoidea,Alucitidae,,,Pterotopteryx,,Pterotopteryx eumorphodactyla,
433,422,433,"Gielis, C. & Hobern, D.",2020-07-17,false,,false,Holocene,terrestrial,Animalia,Arthropoda,Insecta,Lepidoptera,Alucitoidea,Alucitidae,,,Pterotopteryx,,Pterotopteryx lida,
434,422,434,"Gielis, C. & Hobern, D.",2020-07-17,false,,false,Holocene,terrestrial,Animalia,Arthropoda,Insecta,Lepidoptera,Alucitoidea,Alucitidae,,,Pterotopteryx,,Pterotopteryx lonicericola,
436,422,436,"Gielis, C. & Hobern, D.",2020-07-17,false,,false,Holocene,terrestrial,Animalia,Arthropoda,Insecta,Lepidoptera,Alucitoidea,Alucitidae,,,Pterotopteryx,,Pterotopteryx nigrifasciata,
437,422,437,"Gielis, C. & Hobern, D.",2020-07-17,false,,false,Holocene,terrestrial,Animalia,Arthropoda,Insecta,Lepidoptera,Alucitoidea,Alucitidae,,,Pterotopteryx,,Pterotopteryx spilodesma,
444,422,444,"Gielis, C. & Hobern, D.",2020-07-17,false,,false,Holocene,terrestrial,Animalia,Arthropoda,Insecta,Lepidoptera,Alucitoidea,Alucitidae,,,Pterotopteryx,,Pterotopteryx synnephodactyla,
448,422,448,"Gielis, C. & Hobern, D.",2020-07-17,false,,false,Holocene,terrestrial,Animalia,Arthropoda,Insecta,Lepidoptera,Alucitoidea,Alucitidae,,,Pterotopteryx,,Pterotopteryx tshatkalica,
449,422,449,"Gielis, C. & Hobern, D.",2020-07-17,false,,false,Holocene,terrestrial,Animalia,Arthropoda,Insecta,Lepidoptera,Alucitoidea,Alucitidae,,,Pterotopteryx,,Pterotopteryx vietana,
450,6,450,"Gielis, C. & Hobern, D.",2020-07-17,false,,false,Holocene,terrestrial,Animalia,Arthropoda,Insecta,Lepidoptera,Alucitoidea,Alucitidae,,,,Tanycnema,,
451,450,451,"Gielis, C. & Hobern, D.",2020-07-17,false,,false,Holocene,terrestrial,Animalia,Arthropoda,Insecta,Lepidoptera,Alucitoidea,Alucitidae,,,Tanycnema,,Tanycnema anomala,
452,6,452,"Gielis, C. & Hobern, D.",2020-07-17,false,,false,Holocene,terrestrial,Animalia,Arthropoda,Insecta,Lepidoptera,Alucitoidea,Alucitidae,,,,Tephroniopsis,,
453,452,453,"Gielis, C. & Hobern, D.",2020-07-17,false,,false,Holocene,terrestrial,Animalia,Arthropoda,Insecta,Lepidoptera,Alucitoidea,Alucitidae,,,Tephroniopsis,,Tephroniopsis geometridalis,
454,6,454,"Gielis, C. & Hobern, D.",2020-07-17,false,,false,Holocene,terrestrial,Animalia,Arthropoda,Insecta,Lepidoptera,Alucitoidea,Alucitidae,,,,Tineodes,,
457,454,457,"Gielis, C. & Hobern, D.",2020-07-17,false,,false,Holocene,terrestrial,Animalia,Arthropoda,Insecta,Lepidoptera,Alucitoidea,Alucitidae,,,Tineodes,,Tineodes adactylalis,
460,6,460,"Gielis, C. & Hobern, D.",2020-07-17,false,,false,Holocene,terrestrial,Animalia,Arthropoda,Insecta,Lepidoptera,Alucitoidea,Alucitidae,,,,Triscaedecia,,
461,460,461,"Gielis, C. & Hobern, D.",2020-07-17,false,,false,Holocene,terrestrial,Animalia,Arthropoda,Insecta,Lepidoptera,Alucitoidea,Alucitidae,,,Triscaedecia,,Triscaedecia dactyloptera,
462,460,462,"Gielis, C. & Hobern, D.",2020-07-17,false,,false,Holocene,terrestrial,Animalia,Arthropoda,Insecta,Lepidoptera,Alucitoidea,Alucitidae,,,Triscaedecia,,Triscaedecia sarawaki,
463,460,463,"Gielis, C. & Hobern, D.",2020-07-17,false,,false,Holocene,terrestrial,Animalia,Arthropoda,Insecta,Lepidoptera,Alucitoidea,Alucitidae,,,Triscaedecia,,Triscaedecia septemdactyla,
465,460,465,"Gielis, C. & Hobern, D.",2020-07-17,false,,false,Holocene,terrestrial,Animalia,Arthropoda,Insecta,Lepidoptera,Alucitoidea,Alucitidae,,,Triscaedecia,,Triscaedecia sulawesi,
466,460,466,"Gielis, C. & Hobern, D.",2020-07-17,false,,false,Holocene,terrestrial,Animalia,Arthropoda,Insecta,Lepidoptera,Alucitoidea,Alucitidae,,,Triscaedecia,,Triscaedecia suva,
467,460,467,"Gielis, C. & Hobern, D.",2020-07-17,false,,false,Holocene,terrestrial,Animalia,Arthropoda,Insecta,Lepidoptera,Alucitoidea,Alucitidae,,,Triscaedecia,,Triscaedecia svetlanae,
472,11,472,"Hobern, D.",2020-10-05,false,,false,Holocene,terrestrial,Animalia,Arthropoda,Insecta,Lepidoptera,Alucitoidea,Alucitidae,,,Alucita,,Alucita romieuxi,
473,11,473,"Hobern, D.",2020-10-05,false,,false,Holocene,terrestrial,Animalia,Arthropoda,Insecta,Lepidoptera,Alucitoidea,Alucitidae,,,Alucita,,Alucita katanga,
474,11,474,"Hobern, D.",2020-10-05,false,,false,Holocene,terrestrial,Animalia,Arthropoda,Insecta,Lepidoptera,Alucitoidea,Alucitidae,,,Alucita,,Alucita tropeki,
475,11,475,"Hobern, D.",2020-10-05,false,,false,Holocene,terrestrial,Animalia,Arthropoda,Insecta,Lepidoptera,Alucitoidea,Alucitidae,,,Alucita,,Alucita safi,
476,422,476,"Hobern, D.",2020-10-05,false,,false,Holocene,terrestrial,Animalia,Arthropoda,Insecta,Lepidoptera,Alucitoidea,Alucitidae,,,Pterotopteryx,,Pterotopteryx formosana,
479,11,479,"Hobern, D.",2020-10-12,false,150,false,Holocene,terrestrial,Animalia,Arthropoda,Insecta,Lepidoptera,Alicitoidea,Alucitidae,,,Alucita,,Alucita udovichenkoi,
480,420,480,"Hobern, D.",2020-10-12,false,151,false,Holocene,terrestrial,Animalia,Arthropoda,Insecta,Lepidoptera,Alucitoidea,Alucitidae,,,Prymnotomis,,Prymnotomis cecidicola,
481,11,483,"Hobern, D.",2020-11-16,false,154,false,Holocene,terrestrial,Animalia,Arthropoda,Insecta,Lepidoptera,Alucitoidea,Alucitidae,,,Alucita,,Alucita priona,
484,422,484,"Hobern, D.",2021-02-17,false,155,false,Holocene,terrestrial,Animalia,Arthropoda,Insecta,Lepidoptera,Alucitoidea,Alucitidae,,,Pterotopteryx,,Pterotopteryx taoa,
485,11,485,"Hobern, D.",2021-06-23,false,156,false,Holocene,terrestrial,Animalia,Arthropoda,Insecta,Lepidoptera,Alucitoidea,Alucitidae,,,Alucita,,Alucita hendriki,
486,11,486,"Hobern, D.",2021-06-23,false,156,false,Holocene,terrestrial,Animalia,Arthropoda,Insecta,Lepidoptera,Alucitoidea,Alucitidae,,,Alucita,,Alucita armstrongi,
487,395,490,D. Hobern,2022-02-03,false,157,false,Holocene,terrestrial,Animalia,Arthropoda,Insecta,Lepidoptera,Alucitoidea,Alucitidae,,,Microschismus,,Microschismus yakovlevi,
488,395,491,D. Hobern,2022-02-03,false,157,false,Holocene,terrestrial,Animalia,Arthropoda,Insecta,Lepidoptera,Alucitoidea,Alucitidae,,,Microschismus,,Microschismus alida,
